,country,iso2,iso3,,PV_MEAN,WIND_MEAN,2007_FIT,2007_RPS,2007_GRANTS,2007_INVESTMENT & TAX CREDITS,2007_SALES & OTHER TAX CREDITS,2007_TRADEABLE RECS,2007_ENERGY PRODUCTION PAYMENTS,2007_NET METERING,2007_PUBLIC INVESTMENT/FINANCE,2007_PUBLIC COMPETITIVE BIDDING,2010_FIT,2010_RPS,2010_GRANTS,2010_INVESTMENT & TAX CREDITS,2010_SALES & OTHER TAX CREDITS,2010_TRADEABLE RECS,2010_ENERGY PRODUCTION PAYMENTS,2010_NET METERING,2010_PUBLIC INVESTMENT/FINANCE,2010_PUBLIC COMPETITIVE BIDDING,2011_FIT,2011_RPS,2011_NET METERING,2011_BIOFUELS MANDATE,2011_HEAT MANDATE,2011_TRADEABLE REC,2011_GRANTS,2011_INVESTMENT & TAX CREDITS,2011_SALES & OTHER TAX CREDITS,2011_ENERGY PRODUCTION PAYMENTS,2011_PUBLIC INVESTMENT/FINANCE,2011_PUBLIC COMPETITIVE BIDDING,2012_FIT,2012_RPS,2012_NET METERING,2012_BIOFUELS MANDATE,2012_HEAT MANDATE,2012_TRADEABLE REC,2012_GRANTS,2012_INVESTMENT & TAX CREDITS,2012_SALES & OTHER TAX CREDITS,2012_ENERGY PRODUCTION PAYMENTS,2012_PUBLIC INVESTMENT/FINANCE,2012_PUBLIC COMPETITIVE BIDDING,2013_RENEWABLE ENERGY TARGET,2013_FIT,2013_RPS,2013_NET METERING,2013_BIOFUELS MANDATE,2013_HEAT MANDATE,2013_TRADEABLE REC,2013_GRANTS,2013_INVESTMENT & TAX CREDITS,2013_SALES & OTHER TAX CREDITS,2013_ENERGY PRODUCTION PAYMENTS,2013_PUBLIC INVESTMENT/FINANCE,2013_PUBLIC COMPETITIVE BIDDING,2014_RENEWABLE ENERGY TARGET,2014_FIT,2014_RPS,2014_NET METERING,2014_TRADEABLE RECS,2014_TENDERING,2014_BIOFUELS MANDATE,2014_HEAT MANDATE,2014_CAPITAL SUBSIDY,2014_INVESTMENT & TAX CREDITS,2014_SALES & OTHER TAX CREDITS,2014_ENERGY PRODUCTION PAYMENTS,2014_PUBLIC INVESTMENT/FINANCE/GRANTS,2015_RENEWABLE ENERGY TARGET,2015_FIT,2015_RPS,2015_NET METERING,2015_BIOFUELS MANDATE,2015_HEAT MANDATE,2015_TRADEABLE RECS,2015_TENDERING,2015_CAPITAL SUBSIDY,2015_INVESTMENT & TAX CREDITS,2015_SALES & OTHER TAX CREDITS,2015_ENERGY PRODUCTION PAYMENTS,2015_PUBLIC INVESTMENT/FINANCE/GRANTS,2016_RENEWABLE ENERGY TARGET,2016_FIT,2016_RPS,2016_NET METERING,2016_TRANSPORT / BIOFUELS MANDATE,2016_HEAT MANDATE,2016_TRADEABLE RECS,2016_TENDERING,2016_CAPITAL SUBSIDY,2016_INVESTMENT & TAX CREDITS,2016_SALES & OTHER TAX CREDITS,2016_ENERGY PRODUCTION PAYMENTS,2016_PUBLIC INVESTMENT/FINANCE/GRANTS,2017_RENEWABLE ENERGY TARGET,2017_RENEWABLE ENERGY NDC,2017_FIT,2017_RPS,2017_NET METERING,2017_TRANSPORT / BIOFUELS MANDATE,2017_HEAT MANDATE,2017_TRADEABLE RECS,2017_TENDERING,2017_INVESTMENT & TAX CREDITS,2017_SALES & OTHER TAX CREDITS,2017_ENERGY PRODUCTION PAYMENTS,2017_PUBLIC INVESTMENT/FINANCE/GRANTS/SUBSIDIES,FIT_COUNT
3,Algeria,DZ,DZA,,5.601,5.110283,1,,,1,1,1,,,,,1,,,1,1,,,,,,1,,,,,,,,,,,,1,,,,,,,,,,,,1,1,,,,,,,,,,,1,1,1,,,,1,,,,1,,,,4,4,,,,,,1,1,,,,3,4,1,,,,,,1,1,,,3,1,1,1,1,,,,,,8,,,1,1,9
14,Austria,AT,AUT,,3.876,6.245603,1,,1,1,,1,,,1,,1,,1,1,,1,,,1,,1,,,1,,1,1,1,,,1,,1,,,1,,1,1,1,,,1,,1,1,,,1,,1,1,1,,,1,,1,1,,,1,,,1,1,1,,,1,1,1,,,1,,1,,1,1,,,1,1,1,,,1,,1,,1,1,,,1,1,,1,,,1,,1,,1,,,1,9
39,Canada,CA,CAN,,4.312,6.04793,2,2,1,1,1,,,2,1,2,2,2,1,1,1,,,1,1,1,2,2,1,1,,,1,1,1,,1,1,2,2,2,1,,,1,1,1,,1,1,2,2,2,2,1,,,1,1,1,,1,1,2,46,2,2,,1,,1,1,1,1,,1,2,46,2,2,1,,,1,1,1,1,,1,46,46,46,2,1,,,1,1,1,1,,1,46,1,46,2,2,1,,,76,1,1,,1,9
45,China,CN,CHN,,7.682,5.900064,1,,1,1,1,,,,1,1,1,1,1,1,1,,1,,1,1,1,1,,1,1,,1,,,1,1,1,1,1,,1,1,,1,,,1,1,1,1,1,1,,1,1,,1,,1,1,1,1,4,4,1,,,1,1,1,1,1,1,1,1,4,4,1,,1,1,,1,1,1,1,1,1,4,4,1,,1,1,,3,1,1,1,1,1,4,1,4,1,,2,1,,7,1,1,1,1,9
59,Cyprus,CY,CYP,,4.832,5.037345,1,,1,,,,,,,,1,,1,,,,,,,,1,,,,,,1,,,,,,1,,,1,,,1,,,,,,1,1,,,1,,,1,,,,,,1,1,,3,,1,,1,4,,,,,1,1,,1,1,,,1,1,,,,,1,1,,1,1,,,1,1,,,,,1,,1,,1,1,,,8,,,,1,9
61,Denmark,DK,DNK,,3.041,7.414727,1,,,,1,1,,1,1,1,1,,1,1,1,1,,1,1,1,1,,1,1,,1,1,1,1,,1,1,1,,1,1,,1,1,1,1,,1,1,1,1,,1,1,,1,1,,1,,1,1,1,1,,1,1,1,,1,1,1,1,,4,1,4,,4,1,,1,1,1,1,1,,1,1,1,,4,1,,1,1,1,1,1,,4,1,,4,,1,4,,1,7,1,1,,1,9
65,Ecuador,EC,ECU,,4.898,3.321832,1,,,1,,,,,,,1,,,1,,,,,,,1,,,,,,,,,,,,1,,,,,,,,1,,1,,,1,,,,,,,,1,,1,,,3,,,,3,,3,,,1,,1,1,1,,,1,,,1,,,1,,1,1,4,,,4,,,1,,,1,,1,1,1,1,,,1,,,8,,1,,1,9
70,Estonia,EE,EST,,3.017,6.229922,1,,,,1,,,,,,1,,1,,1,,1,,,,1,,,1,,,1,,1,1,,,1,,,1,,,1,,1,1,,,1,1,,,1,,,,,,1,1,,1,1,,,,,,1,,,,1,1,1,1,,,1,,,,,,,1,1,1,1,,,1,,,,,,,1,1,1,,1,,,1,,,,,,1,1,9
76,France,FR,FRA,,5.095,5.512532,1,,1,1,1,1,,,1,1,1,,1,1,1,1,,,1,1,1,,,1,,1,1,1,1,,1,1,1,,,1,,1,1,1,1,,1,1,1,1,,,1,,1,1,1,1,,1,1,4,4,,,1,4,,1,1,4,1,,1,4,4,,,1,1,1,1,1,1,1,,1,4,4,,,1,1,1,3,1,1,1,,4,4,,4,,,1,1,1,7,1,1,,1,9
83,Germany,DE,DEU,,3.457,6.25521,1,,1,1,1,,,,1,,1,,1,1,1,,,1,1,,1,,,1,1,,1,1,1,,1,,1,,,1,1,,1,1,1,,1,,1,1,,,1,1,,1,1,1,1,1,,1,4,,,,,1,1,1,1,1,,1,1,4,,,1,1,,,1,1,1,,1,1,4,,,4,1,,3,1,1,1,,1,1,,4,,,1,1,1,7,1,1,,4,9
86,Greece,GR,GRC,,4.758,4.019278,1,,1,1,,,,,,,1,,1,1,,,,1,1,,1,,1,,,,1,1,,,1,,1,,,1,,,1,1,1,,1,,1,1,,,1,,,1,1,1,,1,,1,4,,3,,,,1,1,1,1,,1,1,4,,1,1,1,,,1,1,1,,1,1,1,,1,1,1,,,1,1,1,,1,1,,4,1,4,1,1,1,3,1,1,,1,9
100,Hungary,HU,HUN,,3.433,5.132396,1,,,,1,1,,,1,,1,,1,1,1,,,,1,1,1,,,1,,,1,,1,,1,,1,,,1,,,1,,1,,1,,1,1,,,1,,,1,,1,,1,,1,1,,,,,,1,1,,1,,1,1,1,,,1,,,,1,,1,,1,1,1,,,1,,,,1,,1,,1,1,,1,,,1,,,3,,1,,1,9
102,India,IN,IND,,6.015,4.251691,2,2,1,1,1,,1,,1,1,2,2,1,1,1,1,1,,1,,1,1,,1,,1,1,1,1,,1,1,1,1,,1,2,1,1,1,,,1,1,1,1,1,1,1,2,1,1,1,1,1,1,1,4,1,1,36,1,4,2,4,4,1,,4,1,1,1,1,2,1,,,3,1,1,3,1,1,4,1,1,46,4,2,1,3,1,1,4,1,1,4,1,4,1,2,4,2,1,7,1,1,1,4,9
103,Indonesia,ID,IDN,,4.835,1.585141,1,,,,,,,,,,1,,,1,1,,,,,,1,,,,,,1,1,1,,1,1,1,1,,1,,,1,1,1,,1,1,1,1,1,,1,,,1,1,1,,1,1,1,4,1,,,1,,1,1,1,1,,1,1,1,1,,1,,,1,1,1,1,,1,4,1,1,,4,,,1,1,1,1,,1,1,1,4,1,,4,,,7,1,1,,1,9
106,Ireland,IE,IRL,,2.847,8.19432,1,,1,1,,1,,,,1,1,,1,1,,1,,,,1,1,,,,2,1,,,,,,1,1,,,1,2,1,,,,,,1,1,1,,,1,2,1,,,,,,1,1,1,,,1,1,2,1,,,,,,1,1,,,1,2,1,1,,,,,,1,1,,,1,2,1,1,,,,,,1,1,1,,,1,2,1,8,,,,,9
108,Israel,IL,ISR,,5.434,5.021574,1,,,,,,,,,,1,,,,1,,,,,1,1,,,,1,,,,1,,,1,1,1,,,1,,,,1,,1,1,1,1,1,,,1,,,,1,,1,1,1,1,1,,,1,1,,,,1,,1,1,1,1,1,,1,,1,,,1,,1,4,1,1,1,,1,,1,,,1,,1,1,1,1,1,1,,1,,7,,1,,1,9
109,Italy,IT,ITA,,4.536,4.794265,1,1,1,1,,1,,1,,,1,1,1,1,1,1,,1,1,,1,1,1,1,1,1,1,1,1,,1,1,1,1,1,1,1,1,1,1,1,,1,1,1,1,1,1,1,1,1,1,1,1,,1,1,1,4,1,1,1,4,1,1,1,1,1,,1,1,4,,1,3,1,1,1,1,4,1,,1,1,4,,4,4,1,1,1,1,1,1,,1,1,,1,,1,1,1,5,8,1,1,,4,9
111,Japan,JP,JPN,,4.312,6.72558,2,1,1,,,1,,1,1,,1,1,1,1,,1,,1,1,,1,1,1,,,1,1,,,,1,,1,1,1,,,1,1,,,,1,,1,1,1,1,,,1,1,1,,,1,,1,1,1,1,1,1,,,1,,,,1,4,4,1,1,,,1,1,1,,,,1,4,4,,,,,1,1,1,,4,,1,1,1,4,,,,,1,7,,1,,1,9
122,Latvia,LV,LVA,,2.995,6.200103,1,,,,,,,,1,1,1,,,,1,,,,1,1,1,,,1,,,,,1,,1,1,1,,,1,,,,,1,,1,1,1,1,,,1,,,,,1,,1,1,1,1,,3,,1,,1,,,1,,,1,1,,1,1,,,1,,,1,,,1,1,,1,1,,,1,,,1,,,1,,1,,1,1,,,8,,1,,,9
128,Lithuania,LT,LTU,,2.984,6.065845,1,,1,1,,,,,1,,1,,1,1,1,,,,1,,1,,,,,,,,,,1,,1,,,,,,,,,,1,,1,1,1,,1,1,,,,,,1,,1,4,1,,,,,1,,,,,1,1,1,1,,1,,,,,,,,1,1,1,1,,1,,,,,,4,,1,1,,1,1,,1,,,,,1,,1,9
129,Luxembourg,LU,LUX,,2.948,6.321918,1,,1,1,,,,,,,1,,1,1,1,,,,,,1,,,,,,1,,,,,,1,,,,,,1,,,,,,1,1,,,1,,,1,,1,,,,1,1,,,,,,1,1,,,,,1,1,,,1,,,,1,,,,,1,1,,,1,,,,1,,,,,1,,1,,,1,,,,,,,1,9
159,Nicaragua,NI,NIC,,4.829,6.850805,1,,,1,1,,,,,,1,,,1,1,,,,,,1,,,,,,,1,1,,,,1,,,,,,,,1,,,,,1,,,,,,,,1,,,,1,1,,,,,,,,,1,,,1,1,,,,,,,,,1,,,1,1,,,1,,,,,4,1,,1,1,,1,,,1,,,,1,1,,1,9
177,Portugal,PT,PRT,,4.72,0.785714,1,,1,1,1,,,,,,1,,1,1,1,,,,1,1,1,1,1,1,1,,1,1,1,,1,1,1,1,1,1,1,,1,1,1,,1,1,1,1,1,1,1,1,,1,1,1,,1,1,4,4,1,,,1,1,1,5,5,1,,5,1,1,1,1,1,1,,1,1,1,1,,1,4,1,1,1,1,1,,1,1,1,1,,1,1,,1,1,,1,1,1,,,1,,4,9
200,Slovakia,SK,SVK,,3.334,5.841349,1,,,1,,,,,1,,1,,,1,1,,,,1,,1,,,,,,1,,,,,,1,,,,,,1,,1,,,,1,1,,,,,,1,,1,,,,1,4,,,1,,,1,,,1,,,1,1,,,1,,1,,,,1,,,1,1,,,1,,1,,,,1,,3,1,,1,,,1,,1,,,1,,4,9
201,Slovenia,SI,SVN,,3.701,5.346925,1,,,,,,,,1,,1,,1,1,1,1,,,1,1,1,,,,,1,1,1,1,,1,1,1,,,,,1,1,1,1,,1,1,1,1,,,,,,1,,,,,1,1,1,,,1,1,,,1,1,1,,1,1,1,,,,,1,1,1,1,1,,4,1,1,,,,,1,1,1,1,1,,4,1,,4,,3,,,1,4,1,1,,1,9
208,Sri Lanka,LK,LKA,,4.501,6.467229,1,,,,,,,,,,1,,,,,,,,,,1,,,,,,,,,,,,1,1,1,1,,,1,,1,1,1,,1,1,1,1,1,,,1,,1,1,1,,1,1,1,1,,,,1,1,,1,1,1,1,1,1,1,1,,,,1,,1,1,1,1,1,1,1,1,,,,1,,1,1,1,4,1,1,1,1,1,,,,,1,1,1,9
214,Switzerland,CH,CHE,,4.142,5.886935,1,,,,,,,,,,1,,1,,1,,,,,,1,,,,,,1,,1,,,,1,,,,,,1,,1,,,,1,1,,,,,,1,,1,,,,1,4,,,,,,,1,,1,,,1,4,,,,1,,,1,,1,,,1,1,,,,1,,,1,,1,,,1,,1,,,,1,1,,,1,,1,9
226,Turkey,TR,TUR,,4.971,4.972135,1,,1,,,,,,,,1,,1,,,,,,,,1,,,,,,,,,,,,1,,,,,,1,,,,,,1,1,,,1,,,1,,,,1,,1,4,,,,,,1,1,,,,1,4,1,,,1,,,,1,,,,1,4,1,,,1,,,3,1,,,,1,1,1,4,,,1,,,7,,,,1,9
230,Uganda,UG,UGA,,4.941,1.187712,1,,,,,,,,1,,1,,1,,1,,,,1,,1,,,,,,1,,1,,,,1,,,,,,1,,1,,1,,1,1,,,,,,1,,1,,1,,1,4,,,,,,,1,,1,,1,1,1,,,,,,3,1,,1,,1,4,1,,,,,,1,1,,1,,1,1,1,1,,,,,,8,,1,,1,9
234,United States of America,US,USA,,5.886,5.992608,2,2,1,1,2,2,1,2,2,2,2,2,1,1,2,2,1,2,2,2,2,2,2,1,2,1,1,1,1,1,1,1,2,2,2,1,2,2,1,1,1,2,1,2,,2,2,2,1,2,2,1,1,1,1,1,1,46,46,46,46,2,4,2,4,1,5,1,1,4,46,46,46,46,1,2,2,,1,4,1,,,46,2,46,46,4,2,2,,1,4,1,,4,4,,2,4,4,4,2,2,,4,1,,4,9
10,Argentina,AR,ARG,,6.806,6.998063,1,,1,2,1,,1,,,,1,,1,2,1,,1,,1,1,1,,,1,,,1,1,1,1,1,1,1,,,1,,,1,1,1,1,1,1,1,1,,,1,,,1,1,1,1,1,1,1,1,,,,1,,4,1,1,1,1,1,1,1,,1,4,,,3,1,1,1,1,1,4,1,,1,1,,,1,1,1,1,1,1,e,e,e,e,e,e,e,e,e,e,e,e,e,8
13,Australia,AU,AUS,,5.355,6.119702,,1,1,,,1,,,1,,2,1,1,,,1,,,1,,2,,,2,,1,1,,,,1,,2,,,2,,1,1,,,,1,,1,2,,,2,,1,1,,,,1,,1,46,2,,1,,,2,1,,,,1,1,2,1,,2,2,1,36,1,,,,1,4,2,1,,2,2,1,36,1,,,,4,1,1,46,1,36,46,2,1,76,,,,1,8
34,Bulgaria,BG,BGR,,4.057,5.545148,e,e,e,e,e,e,e,e,e,e,1,,1,,,,,,1,,1,,,1,,,1,,1,,1,,1,,,1,,,1,,1,,1,,1,1,,,1,,,1,,1,,1,,1,1,,,,,,1,,,,,1,1,4,,,1,,,,,,,,1,1,1,,,1,,,,,,,,1,1,,1,,,1,,,,,,,4,8
57,Croatia,HR,HRV,,4.161,5.223795,1,,,1,,,,,1,,e,e,e,e,e,e,e,e,e,e,1,,,,,,1,,,,1,,1,,,,,,1,,,,1,,1,1,,,,,,1,,,,1,,1,1,,,,,,1,,,,,,1,1,,,1,,,,,,,,,1,1,,,1,,,,,,,,,1,,1,,,1,,,,,,,1,8
64,Dominican Republic,DO,DOM,,4.991,5.253331,e,e,e,e,e,e,e,e,e,e,1,,1,1,1,,,,,,1,,,,,,1,1,1,,,,1,,1,,1,,1,1,1,,,1,1,1,,1,,1,,1,1,1,,,1,1,1,,1,,1,1,,1,1,1,,,1,1,,1,,,,1,1,1,1,,1,1,1,,1,,,,1,1,1,1,,1,4,,1,,1,,,,8,1,1,,1,8
75,Finland,FI,FIN,,2.995,6.078129,,,1,,1,1,1,,,,1,,1,,1,1,1,,,,1,,,1,,1,1,,1,1,,,1,,,1,,1,1,,1,1,,,1,1,,,1,,1,1,,1,1,,,1,1,,,1,,,1,1,,1,1,,1,1,,,1,,1,,1,,1,1,,1,1,,,1,,1,,1,,1,1,,4,,1,,,1,,1,,,1,1,1,8
115,Kenya,KE,KEN,,5.24,4.444925,e,e,e,e,e,e,e,e,e,e,1,,,1,,,,,,,1,,,,,,,,1,,,,1,,,,,,,,1,,,,1,1,,,,1,,,,1,,,,1,1,,,,1,1,,,,1,1,1,1,1,,,,1,,1,,,4,1,1,1,1,,1,,1,,1,,,1,1,1,4,1,4,,1,,1,,8,,1,1,1,8
130,"Macedonia, Republic of",MK,MKD,,4.084,5.377775,e,e,e,e,e,e,e,e,e,e,1,,,,,,,,,,1,,,,,,,,,,1,,1,,,,,,,,,,1,,1,1,,,,,,,,,,,,1,1,,,,,,,,,,,,1,1,,,,,,,,,,,,1,1,,,,,,,,,,,,1,,1,,,,,,,,,,4,8
146,Mongolia,MN,MNG,,5.308,5.855622,e,e,e,e,e,e,e,e,e,e,1,,,,,,,,,1,1,,,,,,,,,,,1,1,,,,,,,,,,,1,1,1,,,,,,,,,,,1,1,1,,,,1,,,,,,,,1,1,,,,,,1,,,,,,4,1,,,,,,1,,,3,,,4,1,1,,,,,,8,,1,,,8
174,Philippines,PH,PHL,,4.539,5.097135,,,1,1,1,,,,1,,1,1,1,1,1,,1,1,1,1,1,1,1,1,,,1,1,1,1,1,1,1,1,1,1,,,1,1,1,1,1,1,1,1,1,1,1,,,1,1,1,1,1,1,1,1,1,1,,1,,4,1,1,1,1,1,1,1,1,1,1,,,1,1,1,1,1,1,1,4,1,1,1,,,1,1,1,1,1,1,4,1,4,1,1,1,,,8,1,1,1,1,8
196,Serbia,RS,SRB,,3.794,5.328851,e,e,e,e,e,e,e,e,e,e,1,,,,,,,,,,1,,,,,,,,,,,,1,,,,,,1,,,,,,1,1,,,,,,1,,,,,,1,1,,,,,,,1,,,,,1,1,,,,,,,1,,,,,1,1,,,,,,,1,,,,,1,,1,,,,,,,,,,1,8
218,"Tanzania, United Republic of",TZ,TZA,,5.248,2.207265,e,e,e,e,e,e,e,e,e,e,1,,1,,1,,,,,,1,,,,,,1,,1,,,,1,,,,,,1,,1,,,,,1,,,,,,1,,1,,,,,1,,,,,,,1,,1,,,1,4,,,,,,,1,,1,1,1,1,1,,,,,,,1,,1,1,1,4,1,1,,,,,,,,1,1,1,8
219,Thailand,TH,THA,,4.298,4.072067,1,,1,,,,,1,1,,,,,,1,,,,1,,1,,,1,,,,,,,1,,1,,,1,,,,,1,,1,,1,1,,,1,,,,,1,,1,,4,4,,,,,,1,1,,1,,1,1,4,,,1,,,,,,1,1,1,4,4,,,4,,,,,,1,1,1,4,1,1,,,1,,,,,1,1,4,8
231,Ukraine,UA,UKR,,3.668,5.857704,e,e,e,e,e,e,e,e,e,e,1,,,,,,,,,,1,,,,,,,,,,,,1,,,,,,,1,1,,,,1,1,,,,,,,1,1,,,,1,4,,3,,,,3,1,,1,,1,1,1,,1,1,,,,1,,5,,1,1,4,,1,1,,,,1,,4,,1,1,1,4,,1,1,,,,,1,,1,8
233,United Kingdom,GB,GBR,,4.881,7.900613,,1,1,,1,1,,,,,1,1,1,,1,1,,,1,,1,1,,1,,1,,,1,1,1,,1,1,,1,1,1,1,,1,1,1,,1,1,1,,1,1,1,1,,1,1,1,,4,4,1,,1,,1,1,4,,1,1,1,1,1,1,,1,,1,,1,,1,1,1,1,1,1,,1,,1,,1,,1,1,1,1,,4,1,,1,,1,,,1,1,4,8
11,Armenia,AM,ARM,,4.501,4.203141,e,e,e,e,e,e,e,e,e,e,e,e,e,e,e,e,e,e,e,e,1,,,,,,,,,,,,1,,,,,,,,,,,,,1,,,,,,,,,,,,,1,,,,,,,,,,,,1,1,,,,,,,,,,,,1,1,,,,,,,,,,,,1,1,1,,1,,,,,,,,,7
27,Bosnia and Herzegovina,BA,BIH,,4.076,5.302858,e,e,e,e,e,e,e,e,e,e,e,e,e,e,e,e,e,e,e,e,1,,,,,,,,,,,1,1,,,,,,1,,,,,1,1,1,,,,,,1,,,,,1,1,1,,,,1,,,1,,,,,1,1,,,,,,1,1,,,,,4,1,,,,,,1,1,,,,,1,1,1,,,,,,8,,,,,7
60,Czech Republic,CZ,CZE,,3.145,6.412001,1,,1,1,1,1,,1,,,1,,1,1,1,1,,1,,,1,,,1,,1,1,1,1,,,,1,,,1,,1,1,1,1,,1,,1,1,,,1,,1,1,1,1,,1,,1,5,,,1,,,1,1,1,1,,,1,,,,1,,1,,1,1,1,,4,1,,,,1,,1,,1,1,1,,4,1,,3,,,1,,1,,1,1,,1,7
99,Honduras,HN,HND,,4.941,5.718267,,,,1,1,,,,,,e,e,e,e,e,e,e,e,e,e,1,,,,,,,1,1,,,1,1,,,,,,,1,1,,,1,,1,,,,,,,1,1,,,1,1,1,,3,,1,,,,1,1,,,1,1,,3,,,,1,,1,1,,,1,1,,1,,,,1,,1,1,,,4,1,1,,1,,,,7,1,1,,,7
114,Kazakhstan,KZ,KAZ,,4.446,6.117269,e,e,e,e,e,e,e,e,e,e,e,e,e,e,e,e,e,e,e,e,1,,,,,1,,,,,,,1,,,,,1,,,,,,,,1,,,,,1,,,,,,,3,3,,,1,,,,3,,,,,1,3,,,,,1,,1,,,,,1,1,,,,,1,,1,,,,,1,1,1,,,,,1,,,,,1,7
136,Malta,MT,MLT,,4.539,0.333333,1,,,,1,,,,,,,,1,,1,,,1,,,,,1,,,,1,,1,,,,1,,1,,,,1,,1,,,,1,1,,1,,,,1,,1,,,,1,1,,1,,,,,1,,1,,,1,4,,1,,,,,1,,1,,,1,4,,1,,,,,1,,1,,,1,,1,,1,,,,,,1,,1,7
144,Moldova,MD,MDA,,3.52,5.784149,e,e,e,e,e,e,e,e,e,e,e,e,e,e,e,e,e,e,e,e,1,,,,,,,,1,,1,,1,,,,,,,,1,,1,,1,1,,,,,,,,1,,1,,1,1,,,,,,,,,,,1,1,1,,,,,,,,,,,1,1,1,,,,,,,,,,,1,1,,1,,,,,,,,,,1,7
155,Netherlands,NL,NLD,,4.969,6.444478,1,,1,1,,1,1,,,,,,1,1,1,1,1,,,,,,,1,,1,1,1,1,1,,,1,,,1,,1,1,1,1,1,1,,1,1,,1,1,,1,1,1,1,1,1,,1,4,,4,1,,,1,1,1,1,1,1,1,1,,1,1,,1,,1,1,1,1,1,1,1,,1,1,,1,,1,1,1,1,1,1,,1,,1,1,,1,8,1,,1,4,7
167,Pakistan,PK,PAK,,5.601,4.583353,e,e,e,e,e,e,e,e,e,e,1,,,,,,,1,,,,,1,,,,2,,,,1,,1,,1,,,,2,,,,1,,1,1,,1,,,,2,,,,1,,1,1,,1,,,,,2,,,,1,1,1,,1,1,,,,2,,3,,1,1,4,,3,1,,1,,2,,4,,1,,,4,,1,1,,1,,,1,,1,7
170,Panama,PA,PAN,,4.353,4.734326,,,,,,,1,,,,,,,,,,1,,,,1,,,,,,,,,1,,1,1,,1,,,,,1,1,1,,1,,1,,1,,,,,1,1,1,,1,,1,,1,,1,,1,,1,1,1,,1,1,,1,1,,,1,,1,1,1,,1,1,,1,1,,,1,,1,1,1,,1,1,1,,1,4,,,7,1,1,1,,7
173,Peru,PE,PER,,6.297,2.136238,e,e,e,e,e,e,e,e,e,e,,,,1,1,,1,,,1,1,,,1,,,,1,1,1,,1,1,,,1,,,,,1,,,1,,1,,,1,,,,,1,,,1,,1,,,,1,,1,,,1,,3,1,1,1,,1,,,1,,,1,,1,1,1,1,3,1,,,3,,,1,,1,1,1,1,1,1,1,,,7,,1,,1,7
55,Costa Rica,CR,CRI,,4.61,4.200038,1,,,,,,,,,,,,,,,,1,,,,1,,,1,,,,,,,,,1,,,,,,,,,,,,1,,,2,,,,,,,,,,1,,,2,,1,,1,,,1,,,1,4,,3,1,,,1,,,1,,,4,4,,1,1,,,1,,,1,,,4,1,1,,4,1,,,8,,1,,,6
84,Ghana,GH,GHA,,4.38,0.456255,e,e,e,e,e,e,e,e,e,e,,,1,,1,,,,1,,,,,,,1,,,1,,,,1,,,,1,1,,,1,,,,1,1,,,1,,,1,,,,1,,1,4,1,,1,,1,1,1,,1,,1,1,1,1,,1,,,,1,,1,,1,4,1,1,3,1,,1,,1,,1,,1,4,1,1,1,1,1,,1,,,1,,1,6
104,"Iran, Islamic Republic of",IR,IRN,,5.577,5.30193,e,e,e,e,e,e,e,e,e,e,,,,1,,,1,,,,,,,,,,,1,,1,,,1,,,,,,,1,,1,,,,1,,,,,,,1,,1,,1,,1,,,,,,,,1,,1,3,1,1,,,,,,,,1,,1,1,1,1,,,,,,,,1,,1,1,1,1,4,,,,,,,1,,1,1,6
133,Malaysia,MY,MYS,,4.167,1.511004,e,e,e,e,e,e,e,e,e,e,,,,,,,,,1,,1,,,,,,,,,,1,,1,1,,1,,,,,1,,1,1,1,1,1,,1,,,,,1,,1,1,1,4,1,,,1,,4,,,1,,1,1,,,,1,,,,,,1,,1,1,4,1,,4,,,,,,1,,1,4,1,1,1,,4,,,,,1,,1,6
169,Palestinian Territory,PS,PSE,,#N/A,#N/A,e,e,e,e,e,e,e,e,e,e,,,,,1,,,,,,,,,,,,,,1,,,,1,,,,,,,,1,,,,1,1,,,1,,,,,1,,,1,1,1,,1,,,,,,,1,,,1,1,,1,,,,,,,1,,,1,1,,1,,,,,,,1,,,4,,1,,1,,,,3,,1,,,6
215,Syrian Arab Republic (Syria),SY,SYR,,5.305,5.054248,e,e,e,e,e,e,e,e,e,e,e,e,e,e,e,e,e,e,e,e,e,e,e,e,e,e,e,e,e,e,e,e,1,,1,,,,,1,,,,1,1,1,,1,,,,,1,,,,1,1,1,,1,,1,,,,1,,,,1,1,,1,,,,1,,1,,,,1,1,,1,,,,1,,1,,,,1,,1,,1,,,,8,1,,,,6
236,Uruguay,UY,URY,,4.35,6.023178,e,e,e,e,e,e,e,e,e,e,,1,,,,,,,,1,,1,,1,,,,,1,,,1,1,,1,1,1,,1,,1,,1,1,1,1,,1,1,1,,1,,1,,1,1,4,1,,1,,4,1,1,1,,1,1,1,1,1,,1,1,1,,1,1,,1,1,1,4,1,,1,1,1,,1,1,,1,1,1,1,1,5,,1,1,1,,8,,1,1,1,6
113,Jordan,JO,JOR,,5.672,5.39131,e,e,e,e,e,e,e,e,e,e,,,,,1,,,1,1,,,,1,,,,,,1,,,,,,1,1,,,,,1,,1,1,1,1,,1,1,,,,,1,,1,1,1,1,,1,,1,,1,,,1,,1,1,1,,1,1,1,,3,,,1,,1,4,1,,1,1,1,,3,,,4,,1,1,1,1,,1,1,1,,7,,1,,1,5
161,Nigeria,NG,NGA,,4.878,1.520227,e,e,e,e,e,e,e,e,e,e,e,e,e,e,e,e,e,e,e,e,e,e,e,e,e,e,e,e,e,e,e,e,e,e,e,e,e,e,e,e,e,e,e,e,1,1,,,,,,1,,,,1,,1,1,,,,,,,1,,1,,1,1,1,,,1,,,,1,,1,,1,1,1,,,1,,,,1,,1,,1,4,1,1,1,,1,,,3,,1,,1,5
183,Rwanda,RW,RWA,,4.391,0.115197,e,e,e,e,e,e,e,e,e,e,,,,,,,,,1,,,,,,,,,,1,,1,,,,,,,,,,1,,1,,1,1,,,,,,,,1,,1,,1,1,,,,,,,,,1,,,1,1,,,,,,3,,1,1,,1,1,1,,,,,,1,,1,1,,1,4,1,1,,,,,,8,1,1,,1,5
195,Senegal,SN,SEN,,4.722,0.707851,e,e,e,e,e,e,e,e,e,e,e,e,e,e,e,e,e,e,e,e,e,e,e,e,e,e,e,e,e,e,e,e,1,,,,,,,,1,,,,1,1,,,,,,,,1,,1,,1,,1,,,,1,,,,1,,,1,1,1,1,,,,1,,,1,,,4,1,1,1,,,,1,,,1,,,4,1,1,1,1,,,,8,,1,,,5
207,Spain,ES,ESP,,5.867,3.033158,1,,1,1,,,,,1,,1,,1,1,1,1,,,1,,1,,,1,1,,2,1,1,,1,,1,,,1,1,,1,1,1,,1,,1,1,,1,1,1,,1,1,1,,1,,1,,,1,1,,,1,1,1,,1,,1,,,1,4,1,1,,1,1,,1,,1,,,4,1,1,1,3,1,1,,1,,1,,,,,1,1,1,7,1,,1,1,5
217,Tajikistan,TJ,TJK,,5.552,4.872287,e,e,e,e,e,e,e,e,e,e,e,e,e,e,e,e,e,e,e,e,e,e,e,e,e,e,e,e,e,e,e,e,e,e,e,e,e,e,e,e,e,e,e,e,1,1,,,,,,,,,,,,1,1,,,,,,,,,,,,1,1,,,,,,,,,1,,1,1,1,,,,,,,,,1,,1,1,1,1,,,,,,,,1,,1,5
2,Albania,AL,ALB,,4.246,5.925227,e,e,e,e,e,e,e,e,e,e,e,e,e,e,e,e,e,e,e,e,e,e,e,e,e,e,e,e,e,e,e,e,e,e,e,e,e,e,e,e,e,e,e,e,e,e,e,e,e,e,e,e,e,e,e,e,e,1,1,1,1,1,1,3,,,1,3,1,1,1,1,1,,1,,1,1,,1,1,1,1,1,1,1,,1,,1,1,,1,1,1,1,1,,1,1,,1,,1,8,1,1,1,1,4
134,Maldives,MV,MDV,,4.394,,e,e,e,e,e,e,e,e,e,e,e,e,e,e,e,e,e,e,e,e,e,e,e,e,e,e,e,e,e,e,e,e,e,e,e,e,e,e,e,e,e,e,e,e,e,e,e,e,e,e,e,e,e,e,e,e,e,1,1,,,,1,,,,,,,,1,1,,,,,,1,,,,,,1,1,,,,,,1,,,,,,4,1,1,,,,,,8,,,,,4
147,Montenegro,ME,MNE,,4.082,5.69459,e,e,e,e,e,e,e,e,e,e,e,e,e,e,e,e,e,e,e,e,e,e,e,e,e,e,e,e,e,e,e,e,e,e,e,e,e,e,e,e,e,e,e,e,1,1,,,,,,,,,,,,e,e,e,e,e,e,e,e,e,e,e,e,e,1,1,,,,,,,,,,,,1,1,,,,,,,,,,,,1,1,1,,,,,,,,,,,4
240,Viet Nam,VN,VNM,,4.481,5.223591,e,e,e,e,e,e,e,e,e,e,e,e,e,e,e,e,e,e,e,e,,,,,,,1,1,1,,,,,,,,,,1,1,1,,,,1,,,,,,1,1,1,,,,,1,1,,,1,,,1,1,1,1,,,1,1,,,1,,1,,1,1,1,,,1,1,,,1,,1,,1,1,1,,,4,1,1,1,,4,,1,,1,1,,1,4
5,Andorra,AD,AND,,4.495,,e,e,e,e,e,e,e,e,e,e,e,e,e,e,e,e,e,e,e,e,e,e,e,e,e,e,e,e,e,e,e,e,e,e,e,e,e,e,e,e,e,e,e,e,e,e,e,e,e,e,e,e,e,e,e,e,e,,,,,,,,,,,,1,,,1,,,,,,,,,,1,,,1,,,,,,,,,,1,,,,1,,,,,,,,,1,,3
20,Belarus,BY,BLR,,3.052,5.557924,e,e,e,e,e,e,e,e,e,e,,,,,,,,,1,,,,,,,,,,1,,1,,,,,,,,,,1,,,,,,,,,,,,,1,,,,,,,,,,,,,,1,,1,1,1,1,,,,,,,,1,,1,1,1,1,,,,,,,,1,,1,1,,1,1,,,,,,,1,,1,3
66,Egypt,EG,EGY,,5.894,4.680719,e,e,e,e,e,e,e,e,e,e,,,,,1,,,,,1,,,,,,,1,,1,,1,1,,,,,,,1,,1,,,1,1,,,1,,,,1,,1,,1,1,4,,,1,,4,,,1,,1,,,1,3,,1,,,,1,1,,1,,,1,4,,1,,,,1,1,,1,,,1,1,4,,1,,,,8,,1,,1,3
127,Liechtenstein,LI,LIE,,3.446,5.643662,e,e,e,e,e,e,e,e,e,e,e,e,e,e,e,e,e,e,e,e,e,e,e,e,e,e,e,e,e,e,e,e,e,e,e,e,e,e,e,e,e,e,e,e,e,e,e,e,e,e,e,e,e,e,e,e,e,e,e,e,e,e,e,e,e,e,e,e,e,e,,1,,,,,,,,,,,,,1,,,,,,,,,,,,,,1,,,,,,,,,,,3
154,Nepal,NP,NPL,,6.14,2.200174,e,e,e,e,e,e,e,e,e,e,e,e,e,e,e,e,e,e,e,e,,,,,,,1,1,1,,1,1,,,,,,,1,1,1,,1,1,1,,,,,,,1,1,1,,1,1,1,,,,,1,,,1,1,1,,1,1,1,,,,,1,1,1,1,1,,1,1,1,,,,,1,1,1,1,1,,1,4,1,1,,,,,1,8,1,1,,1,3
176,Poland,PL,POL,,3.077,6.077796,,1,1,,1,,,,1,1,,1,1,,1,1,,,1,1,,1,,1,,1,1,,1,,1,1,,1,,1,,1,1,,1,,1,1,1,,1,,1,,1,1,,1,,1,1,1,,1,,1,4,,1,,,1,,1,1,4,1,,1,,1,4,,,1,,1,1,4,1,,1,,1,4,,,1,,1,1,,4,1,,1,,1,7,,1,,1,3
182,Russian Federation,RU,RUS,,4.758,5.568055,,,1,,,1,,,,,,,1,,,1,,,,,,,,,,1,1,,,,,,,,,,,,1,,,,,,1,,,,,,,1,,,,,,3,,,,,3,,,1,,,,,1,4,,,,,,3,1,,,,,1,1,,,,,,4,1,,,,,1,1,1,,,,,,8,,,,1,3
192,San Marino,SM,SMR,,3.707,5.913446,e,e,e,e,e,e,e,e,e,e,e,e,e,e,e,e,e,e,e,e,e,e,e,e,e,e,e,e,e,e,e,e,e,e,e,e,e,e,e,e,e,e,e,e,e,e,e,e,e,e,e,e,e,e,e,e,e,e,e,e,e,e,e,e,e,e,e,e,e,e,,1,,,,,,,,,,,,,1,,,,,,,,,,,,,1,1,,,,,,,,,,,3
213,Sweden,SE,SWE,,3.816,6.295429,,1,1,1,1,1,1,,,,,1,1,1,1,1,1,,1,,,1,,1,,1,1,1,1,1,,,,1,,1,,1,1,1,1,,1,,1,,1,,1,,1,1,1,1,,1,,1,,1,,1,,,1,1,1,1,,1,1,1,1,,1,,1,,1,1,1,,1,1,1,1,,1,,1,,1,1,1,,1,1,,1,1,,1,,1,,1,4,,4,3
118,Korea (South),KR,KOR,,4.021,6.277296,1,,1,1,1,,,,1,,1,,1,1,1,,,,1,,,1,,1,,1,1,1,1,,1,,,1,1,1,,1,1,1,1,,1,,1,,1,1,1,,1,1,1,1,,1,,1,,1,1,1,,,1,1,1,1,,1,1,,1,1,1,1,1,,1,1,1,,1,1,,1,1,4,1,1,,1,1,1,,1,4,,,1,1,1,1,1,,3,1,1,4,2
140,Mauritius,MU,MUS,,4.717,,e,e,e,e,e,e,e,e,e,e,,,1,,,,,,,,,,,,,,1,,,,,,,,,,,,1,,,,,,1,1,,,,,,,,,,,,1,5,,,,1,,,1,,,,,1,,,,,,,1,1,,1,,1,1,,,,,,,1,1,,1,,1,1,1,,,,,,,8,,1,,1,2
204,South Africa,ZA,ZAF,,5.587,5.178766,,,1,,,,,,,,1,,1,,1,,,,1,1,1,,,,,1,1,,,,,1,,,,,,,1,,,,,1,1,,,,,,,1,,1,1,1,1,1,,1,1,,4,,3,1,,1,,1,4,,1,,1,1,,3,4,,4,,1,1,,1,,4,1,,3,1,,1,,1,4,1,,1,,1,1,,7,,1,,1,2
238,Vanuatu,VU,VUT,,4.104,,e,e,e,e,e,e,e,e,e,e,e,e,e,e,e,e,e,e,e,e,e,e,e,e,e,e,e,e,e,e,e,e,e,e,e,e,e,e,e,e,e,e,e,e,e,e,e,e,e,e,e,e,e,e,e,e,e,1,,,,,,,,,,1,,,1,,,,,,,,,,1,,,4,1,,,,,,,,,1,,,4,1,1,,,,,,,,1,,,2
26,Bolivia,BO,BOL,,6.787,4.182371,e,e,e,e,e,e,e,e,e,e,,,,,1,,,,,,,,,,,,,,1,,,,e,e,e,e,e,e,e,e,e,e,e,e,e,e,e,e,e,e,e,e,e,e,e,e,e,e,e,e,e,e,e,e,e,e,e,e,e,e,e,e,e,e,e,e,e,e,e,e,e,e,e,e,e,e,e,e,e,e,e,e,e,e,e,e,1,1,1,1,1,1,,,,,1,1,1,1
30,Brazil,BR,BRA,,5.084,2.493275,1,,,,,,,,1,1,,,,1,,,,,1,1,,,,1,,,,,1,,1,1,,,,1,2,,,1,1,,1,1,1,,,1,1,2,,,1,1,,1,1,1,,,1,,4,2,4,,1,4,,4,1,,,1,4,2,,3,,1,1,,1,4,,,4,4,2,,3,,1,4,,1,1,1,,,4,1,2,,4,1,1,,1,1
40,Cape Verde,CV,CPV,,5.27,,e,e,e,e,e,e,e,e,e,e,e,e,e,e,e,e,e,e,e,e,e,e,e,e,e,e,e,e,e,e,e,e,1,,,,,,,1,1,,1,,1,,,1,,,,,1,,1,,1,1,,,1,,1,,,,,1,1,,1,,,1,,,,1,,1,,1,,4,,,1,,,,1,,1,,1,,4,1,,,1,,,,8,1,,1,,1
124,Lesotho,LS,LSO,,5.363,1.929505,e,e,e,e,e,e,e,e,e,e,e,e,e,e,e,e,e,e,e,e,e,e,e,e,e,e,e,e,e,e,e,e,e,e,e,e,e,e,e,e,e,e,e,e,1,1,,1,,,,1,1,,1,1,1,1,,,1,,1,,,1,1,,1,1,1,,,1,,,,1,1,1,,1,1,4,,,1,,,,1,1,1,,1,1,1,1,,,1,,,,8,1,,1,1,1
248,Kosovo,XK,XKX,,#N/A,#N/A,e,e,e,e,e,e,e,e,e,e,e,e,e,e,e,e,e,e,e,e,e,e,e,e,e,e,e,e,e,e,e,e,e,e,e,e,e,e,e,e,e,e,e,e,e,e,e,e,e,e,e,e,e,e,e,e,e,e,e,e,e,e,e,e,e,e,e,e,e,e,e,e,e,e,e,e,e,e,e,e,e,e,e,e,e,e,e,e,e,e,e,e,e,e,e,e,1,,4,,,,,,,,,,,1
0,Afghanistan,AF,AFG,,5.59,5.164343,e,e,e,e,e,e,e,e,e,e,e,e,e,e,e,e,e,e,e,e,e,e,e,e,e,e,e,e,e,e,e,e,e,e,e,e,e,e,e,e,e,e,e,e,e,e,e,e,e,e,e,e,e,e,e,e,e,e,e,e,e,e,e,e,e,e,e,e,e,e,e,e,e,e,e,e,e,e,e,e,e,e,e,e,e,e,e,e,e,e,e,e,e,e,e,e,e,e,e,e,e,e,e,e,e,e,e,e,e,0
1,Aland Islands,AX,ALA,,#N/A,#N/A,e,e,e,e,e,e,e,e,e,e,e,e,e,e,e,e,e,e,e,e,e,e,e,e,e,e,e,e,e,e,e,e,e,e,e,e,e,e,e,e,e,e,e,e,e,e,e,e,e,e,e,e,e,e,e,e,e,e,e,e,e,e,e,e,e,e,e,e,e,e,e,e,e,e,e,e,e,e,e,e,e,e,e,e,e,e,e,e,e,e,e,e,e,e,e,e,e,e,e,e,e,e,e,e,e,e,e,e,e,0
4,American Samoa,AS,ASM,,#N/A,#N/A,e,e,e,e,e,e,e,e,e,e,e,e,e,e,e,e,e,e,e,e,e,e,e,e,e,e,e,e,e,e,e,e,e,e,e,e,e,e,e,e,e,e,e,e,e,e,e,e,e,e,e,e,e,e,e,e,e,e,e,e,e,e,e,e,e,e,e,e,e,e,e,e,e,e,e,e,e,e,e,e,e,e,e,e,e,e,e,e,e,e,e,e,e,e,e,e,e,e,e,e,e,e,e,e,e,e,e,e,e,0
6,Angola,AO,AGO,,5.407,1.803945,e,e,e,e,e,e,e,e,e,e,e,e,e,e,e,e,e,e,e,e,e,e,e,e,e,e,e,e,e,e,e,e,e,e,e,e,e,e,e,e,e,e,e,e,e,e,e,e,e,e,e,e,e,e,e,e,e,,,,,,,,1,,,,,,,,,,1,,,,,,,,1,,,,,1,,,,,,,,1,,1,,,,1,,,,,,,1,0
7,Anguilla,AI,AIA,,#N/A,#N/A,e,e,e,e,e,e,e,e,e,e,e,e,e,e,e,e,e,e,e,e,e,e,e,e,e,e,e,e,e,e,e,e,e,e,e,e,e,e,e,e,e,e,e,e,e,e,e,e,e,e,e,e,e,e,e,e,e,e,e,e,e,e,e,e,e,e,e,e,e,e,e,e,e,e,e,e,e,e,e,e,e,e,e,e,e,e,e,e,e,e,e,e,e,e,e,e,e,e,e,e,e,e,e,e,e,e,e,e,e,0
8,Antarctica,AQ,ATA,,,,e,e,e,e,e,e,e,e,e,e,e,e,e,e,e,e,e,e,e,e,e,e,e,e,e,e,e,e,e,e,e,e,e,e,e,e,e,e,e,e,e,e,e,e,e,e,e,e,e,e,e,e,e,e,e,e,e,e,e,e,e,e,e,e,e,e,e,e,e,e,e,e,e,e,e,e,e,e,e,e,e,e,e,e,e,e,e,e,e,e,e,e,e,e,e,e,e,e,e,e,e,e,e,e,e,e,e,e,e,0
9,Antigua and Barbuda,AG,ATG,,4.862,,e,e,e,e,e,e,e,e,e,e,e,e,e,e,e,e,e,e,e,e,e,e,e,e,e,e,e,e,e,e,e,e,e,e,e,e,e,e,e,e,e,e,e,e,e,e,e,e,e,e,e,e,e,e,e,e,e,e,e,e,e,e,e,e,e,e,e,e,e,e,e,e,e,e,e,e,e,e,e,e,e,e,e,e,e,e,e,e,e,e,e,e,e,e,e,e,e,e,e,e,e,e,e,e,e,e,e,e,e,0
12,Aruba,AW,ABW,,#N/A,#N/A,e,e,e,e,e,e,e,e,e,e,e,e,e,e,e,e,e,e,e,e,e,e,e,e,e,e,e,e,e,e,e,e,e,e,e,e,e,e,e,e,e,e,e,e,e,e,e,e,e,e,e,e,e,e,e,e,e,e,e,e,e,e,e,e,e,e,e,e,e,e,e,e,e,e,e,e,e,e,e,e,e,e,e,e,e,e,e,e,e,e,e,e,e,e,e,e,e,e,e,e,e,e,e,e,e,e,e,e,e,0
15,Azerbaijan,AZ,AZE,,4.542,3.761039,e,e,e,e,e,e,e,e,e,e,e,e,e,e,e,e,e,e,e,e,e,e,e,e,e,e,e,e,e,e,e,e,e,e,e,e,e,e,e,e,e,e,e,e,e,e,e,e,e,e,e,e,e,e,e,e,e,3,,,,,,,,,,,,1,1,,,,,,,,,,,,1,1,,,,,,,,,,,,1,4,1,,,,,,,,,,,1,0
16,Bahamas,BS,BHS,,4.807,6.114705,e,e,e,e,e,e,e,e,e,e,e,e,e,e,e,e,e,e,e,e,e,e,e,e,e,e,e,e,e,e,e,e,e,e,e,e,e,e,e,e,e,e,e,e,e,e,e,e,e,e,e,e,e,e,e,e,e,e,e,e,e,e,e,e,e,e,e,e,e,e,e,e,e,e,e,e,e,e,e,e,e,e,e,e,e,e,e,e,e,e,e,e,e,e,e,e,e,e,e,e,e,e,e,e,e,e,e,e,e,0
17,Bahrain,BH,BHR,,4.87,6.167715,e,e,e,e,e,e,e,e,e,e,e,e,e,e,e,e,e,e,e,e,e,e,e,e,e,e,e,e,e,e,e,e,e,e,e,e,e,e,e,e,e,e,e,e,e,e,e,e,e,e,e,e,e,e,e,e,e,,,,,,,,,,,,,1,1,,,,,,,,,,,,1,1,,,,,,,,,,,,1,1,1,,,,,,,,,,,1,0
18,Bangladesh,BD,BGD,,4.199,2.426018,e,e,e,e,e,e,e,e,e,e,e,e,e,e,e,e,e,e,e,e,,,,,,,1,,,,1,,,,,,,,1,,1,,1,,1,,,,,,,1,,1,,1,,1,,,,,,,,1,,1,,1,1,,,,,,,1,1,,1,,1,4,,,,,,,1,1,,1,,1,4,1,,,,,,,8,,1,,1,0
19,Barbados,BB,BRB,,4.772,,e,e,e,e,e,e,e,e,e,e,e,e,e,e,e,e,e,e,e,e,e,e,e,e,e,e,e,e,e,e,e,e,e,e,e,e,e,e,e,e,e,e,e,e,1,,,1,,,,,,,,1,,1,,,1,,,,,,,1,,1,1,,,1,,,,,,,1,,1,4,,,1,,,,,,,1,,1,4,1,,,1,,,,,,1,,1,0
21,Belgium,BE,BEL,,2.937,6.800972,,1,1,,1,1,,1,,,,2,1,1,1,1,,1,,,,2,1,1,,1,1,1,1,,,,,2,1,1,,1,2,1,1,,,1,1,,2,2,1,,1,,1,,,1,1,1,,2,2,1,1,,1,36,1,1,,,1,,2,2,1,,1,1,2,1,1,,,1,,2,2,1,,1,1,2,1,1,,,1,,,2,2,1,,1,8,1,1,,2,0
22,Belize,BZ,BLZ,,4.542,5.861078,e,e,e,e,e,e,e,e,e,e,e,e,e,e,e,e,e,e,e,e,e,e,e,e,e,e,e,e,e,e,e,e,e,e,e,e,e,e,e,e,e,e,e,e,e,e,e,e,e,e,e,e,e,e,e,e,e,e,e,e,e,e,e,e,e,e,e,e,e,e,1,,,,,,,1,,,,,,4,,,,,,,1,,,,,,1,1,,,,,,,8,,,,,0
23,Benin,BJ,BEN,,4.449,0.371525,e,e,e,e,e,e,e,e,e,e,e,e,e,e,e,e,e,e,e,e,e,e,e,e,e,e,e,e,e,e,e,e,e,e,e,e,e,e,e,e,e,e,e,e,e,e,e,e,e,e,e,e,e,e,e,e,e,1,,,,,,,,,,1,,,e,e,e,e,e,e,e,e,e,e,e,e,e,e,e,e,e,e,e,e,e,e,e,e,e,e,e,e,e,e,e,e,e,e,e,e,e,e,e,0
24,Bermuda,BM,BMU,,#N/A,#N/A,e,e,e,e,e,e,e,e,e,e,e,e,e,e,e,e,e,e,e,e,e,e,e,e,e,e,e,e,e,e,e,e,e,e,e,e,e,e,e,e,e,e,e,e,e,e,e,e,e,e,e,e,e,e,e,e,e,e,e,e,e,e,e,e,e,e,e,e,e,e,e,e,e,e,e,e,e,e,e,e,e,e,e,e,e,e,e,e,e,e,e,e,e,e,e,e,e,e,e,e,e,e,e,e,e,e,e,e,e,0
25,Bhutan,BT,BTN,,5.976,1.478585,e,e,e,e,e,e,e,e,e,e,e,e,e,e,e,e,e,e,e,e,e,e,e,e,e,e,e,e,e,e,e,e,e,e,e,e,e,e,e,e,e,e,e,e,e,e,e,e,e,e,e,e,e,e,e,e,e,e,e,e,e,e,e,e,e,e,e,e,e,e,e,e,e,e,e,e,e,e,e,e,e,e,e,e,e,e,e,e,e,e,e,e,e,e,e,e,e,e,e,e,e,e,e,e,e,e,e,e,e,0
28,Botswana,BW,BWA,,5.409,3.943237,e,e,e,e,e,e,e,e,e,e,e,e,e,e,e,e,e,e,e,e,,,,,,,,,1,,,,,,,,,,1,,1,,,,1,,,,,,,1,,1,,,,1,,,,,,,,1,,1,,,1,,,,,,,,1,,1,,,1,,,,,,,,1,,1,,,1,,,,,,,,,,1,,1,0
29,Bouvet Island,BV,BVT,,#N/A,#N/A,e,e,e,e,e,e,e,e,e,e,e,e,e,e,e,e,e,e,e,e,e,e,e,e,e,e,e,e,e,e,e,e,e,e,e,e,e,e,e,e,e,e,e,e,e,e,e,e,e,e,e,e,e,e,e,e,e,e,e,e,e,e,e,e,e,e,e,e,e,e,e,e,e,e,e,e,e,e,e,e,e,e,e,e,e,e,e,e,e,e,e,e,e,e,e,e,e,e,e,e,e,e,e,e,e,e,e,e,e,0
31,British Virgin Islands,VG,VGB,,#N/A,#N/A,e,e,e,e,e,e,e,e,e,e,e,e,e,e,e,e,e,e,e,e,e,e,e,e,e,e,e,e,e,e,e,e,e,e,e,e,e,e,e,e,e,e,e,e,e,e,e,e,e,e,e,e,e,e,e,e,e,e,e,e,e,e,e,e,e,e,e,e,e,e,e,e,e,e,e,e,e,e,e,e,e,e,e,e,e,e,e,e,e,e,e,e,e,e,e,e,e,e,e,e,e,e,e,e,e,e,e,e,e,0
32,British Indian Ocean Territory,IO,IOT,,#N/A,#N/A,e,e,e,e,e,e,e,e,e,e,e,e,e,e,e,e,e,e,e,e,e,e,e,e,e,e,e,e,e,e,e,e,e,e,e,e,e,e,e,e,e,e,e,e,e,e,e,e,e,e,e,e,e,e,e,e,e,e,e,e,e,e,e,e,e,e,e,e,e,e,e,e,e,e,e,e,e,e,e,e,e,e,e,e,e,e,e,e,e,e,e,e,e,e,e,e,e,e,e,e,e,e,e,e,e,e,e,e,e,0
33,Brunei Darussalam,BN,BRN,,4.054,0.57258,e,e,e,e,e,e,e,e,e,e,e,e,e,e,e,e,e,e,e,e,e,e,e,e,e,e,e,e,e,e,e,e,e,e,e,e,e,e,e,e,e,e,e,e,e,e,e,e,e,e,e,e,e,e,e,e,e,e,e,e,e,e,e,e,e,e,e,e,e,e,e,e,e,e,e,e,e,e,e,e,e,e,e,e,e,e,e,e,e,e,e,e,e,e,e,e,e,e,e,e,e,e,e,e,e,e,e,e,e,0
35,Burkina Faso,BF,BFA,,4.673,0.202401,e,e,e,e,e,e,e,e,e,e,e,e,e,e,e,e,e,e,e,e,e,e,e,e,e,e,e,e,e,e,e,e,e,e,e,e,e,e,e,e,e,e,e,e,,,,,,,,,1,1,1,,1,,,,,,1,,,,1,1,1,,,,,,,,,1,,1,1,1,,,,,,,,,1,,1,1,1,,3,1,,,,,,,8,1,1,1,,0
36,Burundi,BI,BDI,,4.449,0.436235,e,e,e,e,e,e,e,e,e,e,e,e,e,e,e,e,e,e,e,e,e,e,e,e,e,e,e,e,e,e,e,e,e,e,e,e,e,e,e,e,e,e,e,e,e,e,e,e,e,e,e,e,e,e,e,e,e,e,e,e,e,e,e,e,e,e,e,e,e,e,e,e,e,e,e,e,e,e,e,e,e,e,e,e,e,e,e,e,e,e,e,e,e,e,e,e,e,e,e,e,e,e,e,e,e,e,e,e,e,0
37,Cambodia,KH,KHM,,4.317,4.199952,,,1,,,,,,,,e,e,e,e,e,e,e,e,e,e,e,e,e,e,e,e,e,e,e,e,e,e,e,e,e,e,e,e,e,e,e,e,e,e,e,e,e,e,e,e,e,e,e,e,e,e,e,e,e,e,e,e,e,e,e,e,e,e,e,e,e,e,e,e,e,e,e,e,e,e,e,e,e,e,e,e,e,e,e,e,e,e,e,e,e,e,e,e,e,e,e,e,e,e,e,e,e,e,e,0
38,Cameroon,CM,CMR,,4.843,0.778429,e,e,e,e,e,e,e,e,e,e,e,e,e,e,e,e,e,e,e,e,e,e,e,e,e,e,e,e,e,e,e,e,e,e,e,e,e,e,e,e,e,e,e,e,,,,,,,,,,1,,,,,,,,,,,,,,1,,,,,,,,,,,,,1,,,,,,,,,,,,,1,,,1,1,,,,,,,,,1,,,0
41,Cayman Islands,KY,CYM,,#N/A,#N/A,e,e,e,e,e,e,e,e,e,e,e,e,e,e,e,e,e,e,e,e,e,e,e,e,e,e,e,e,e,e,e,e,e,e,e,e,e,e,e,e,e,e,e,e,e,e,e,e,e,e,e,e,e,e,e,e,e,e,e,e,e,e,e,e,e,e,e,e,e,e,e,e,e,e,e,e,e,e,e,e,e,e,e,e,e,e,e,e,e,e,e,e,e,e,e,e,e,e,e,e,e,e,e,e,e,e,e,e,e,0
42,Central African Republic,CF,CAF,,4.758,0.445189,e,e,e,e,e,e,e,e,e,e,e,e,e,e,e,e,e,e,e,e,e,e,e,e,e,e,e,e,e,e,e,e,e,e,e,e,e,e,e,e,e,e,e,e,e,e,e,e,e,e,e,e,e,e,e,e,e,e,e,e,e,e,e,e,e,e,e,e,e,e,e,e,e,e,e,e,e,e,e,e,e,e,e,e,e,e,e,e,e,e,e,e,e,e,e,e,e,e,e,e,e,e,e,e,e,e,e,e,e,0
43,Chad,TD,TCD,,5.845,3.752457,e,e,e,e,e,e,e,e,e,e,e,e,e,e,e,e,e,e,e,e,e,e,e,e,e,e,e,e,e,e,e,e,e,e,e,e,e,e,e,e,e,e,e,e,e,e,e,e,e,e,e,e,e,e,e,e,e,e,e,e,e,e,e,e,e,e,e,e,e,e,e,e,e,e,e,e,e,e,e,e,e,e,e,e,e,e,e,e,e,e,e,e,e,e,e,e,e,e,e,e,e,e,e,e,e,e,e,e,e,0
44,Chile,CL,CHL,,6.784,7.08908,,,1,,,,,,,,,1,1,1,1,,,,1,1,,1,,,,,1,,1,,1,,,1,,,1,,1,,1,,1,,1,,1,1,,1,,1,,1,,1,,4,,1,1,,3,1,,1,,4,,1,1,,1,1,,,,3,1,3,1,,1,4,,1,1,,,,1,1,1,1,,1,1,1,,1,1,,,1,7,4,1,,1,0
46,"Hong Kong, SAR China",HK,HKG,,#N/A,#N/A,e,e,e,e,e,e,e,e,e,e,e,e,e,e,e,e,e,e,e,e,e,e,e,e,e,e,e,e,e,e,e,e,e,e,e,e,e,e,e,e,e,e,e,e,e,e,e,e,e,e,e,e,e,e,e,e,e,e,e,e,e,e,e,e,e,e,e,e,e,e,e,e,e,e,e,e,e,e,e,e,e,e,e,e,e,e,e,e,e,e,e,e,e,e,e,e,e,e,e,e,e,e,e,e,e,e,e,e,e,0
47,"Macao, SAR China",MO,MAC,,#N/A,#N/A,e,e,e,e,e,e,e,e,e,e,e,e,e,e,e,e,e,e,e,e,e,e,e,e,e,e,e,e,e,e,e,e,e,e,e,e,e,e,e,e,e,e,e,e,e,e,e,e,e,e,e,e,e,e,e,e,e,e,e,e,e,e,e,e,e,e,e,e,e,e,e,e,e,e,e,e,e,e,e,e,e,e,e,e,e,e,e,e,e,e,e,e,e,e,e,e,e,e,e,e,e,e,e,e,e,e,e,e,e,0
48,Christmas Island,CX,CXR,,#N/A,#N/A,e,e,e,e,e,e,e,e,e,e,e,e,e,e,e,e,e,e,e,e,e,e,e,e,e,e,e,e,e,e,e,e,e,e,e,e,e,e,e,e,e,e,e,e,e,e,e,e,e,e,e,e,e,e,e,e,e,e,e,e,e,e,e,e,e,e,e,e,e,e,e,e,e,e,e,e,e,e,e,e,e,e,e,e,e,e,e,e,e,e,e,e,e,e,e,e,e,e,e,e,e,e,e,e,e,e,e,e,e,0
49,Cocos (Keeling) Islands,CC,CCK,,#N/A,#N/A,e,e,e,e,e,e,e,e,e,e,e,e,e,e,e,e,e,e,e,e,e,e,e,e,e,e,e,e,e,e,e,e,e,e,e,e,e,e,e,e,e,e,e,e,e,e,e,e,e,e,e,e,e,e,e,e,e,e,e,e,e,e,e,e,e,e,e,e,e,e,e,e,e,e,e,e,e,e,e,e,e,e,e,e,e,e,e,e,e,e,e,e,e,e,e,e,e,e,e,e,e,e,e,e,e,e,e,e,e,0
50,Colombia,CO,COL,,5.182,1.339268,e,e,e,e,e,e,e,e,e,e,e,e,e,e,e,e,e,e,e,e,,,,1,,,1,,,,,,,,,1,,,,,1,,,,1,,,,1,,,,,1,,,,1,,,,,,,1,,,4,,,1,,,3,1,,,,,3,4,,3,1,,,3,1,,,,,1,1,,1,4,,,,1,1,,,,1,1,,1,0
51,Comoros,KM,COM,,4.618,3.159292,e,e,e,e,e,e,e,e,e,e,e,e,e,e,e,e,e,e,e,e,e,e,e,e,e,e,e,e,e,e,e,e,e,e,e,e,e,e,e,e,e,e,e,e,e,e,e,e,e,e,e,e,e,e,e,e,e,e,e,e,e,e,e,e,e,e,e,e,e,e,e,e,e,e,e,e,e,e,e,e,e,e,e,e,e,e,e,e,e,e,e,e,e,e,e,e,e,e,e,e,e,e,e,e,e,e,e,e,e,0
52,Congo (Brazzaville),CG,COG,,4.082,0.011687,e,e,e,e,e,e,e,e,e,e,e,e,e,e,e,e,e,e,e,e,e,e,e,e,e,e,e,e,e,e,e,e,e,e,e,e,e,e,e,e,e,e,e,e,e,e,e,e,e,e,e,e,e,e,e,e,e,e,e,e,e,e,e,e,e,e,e,e,e,e,e,e,e,e,e,e,e,e,e,e,e,e,e,e,e,e,e,e,e,e,e,e,e,e,e,e,e,e,e,e,e,e,e,e,e,e,e,e,e,0
53,"Congo, (Kinshasa)",CD,COD,,4.881,0.397274,e,e,e,e,e,e,e,e,e,e,e,e,e,e,e,e,e,e,e,e,e,e,e,e,e,e,e,e,e,e,e,e,e,e,e,e,e,e,e,e,e,e,e,e,e,e,e,e,e,e,e,e,e,e,e,e,e,e,e,e,e,e,e,e,e,e,e,e,e,e,e,e,e,e,e,e,e,e,e,e,e,e,e,e,e,e,e,e,e,e,e,e,e,e,e,e,e,e,e,e,e,e,e,e,e,e,e,e,e,0
54,Cook Islands,CK,COK,,#N/A,#N/A,e,e,e,e,e,e,e,e,e,e,e,e,e,e,e,e,e,e,e,e,e,e,e,e,e,e,e,e,e,e,e,e,e,e,e,e,e,e,e,e,e,e,e,e,e,e,e,e,e,e,e,e,e,e,e,e,e,e,e,e,e,e,e,e,e,e,e,e,e,e,e,e,e,e,e,e,e,e,e,e,e,e,e,e,e,e,e,e,e,e,e,e,e,e,e,e,e,e,e,e,e,e,e,e,e,e,e,e,e,0
56,Cote d'Ivoire,CI,CIV,,4.421,0.214077,e,e,e,e,e,e,e,e,e,e,e,e,e,e,e,e,e,e,e,e,e,e,e,e,e,e,e,e,e,e,e,e,e,e,e,e,e,e,e,e,e,e,e,e,1,,,,,,,,,1,,,,1,,,,,,,,,,1,,,1,,,,,,,1,,,1,,,4,,,,,,,1,,,1,,,1,1,,,,,,,8,,1,,,0
58,Cuba,CU,CUB,,4.928,5.602213,e,e,e,e,e,e,e,e,e,e,e,e,e,e,e,e,e,e,e,e,e,e,e,e,e,e,e,e,e,e,e,e,e,e,e,e,e,e,e,e,e,e,e,e,e,e,e,e,e,e,e,e,e,e,e,e,e,e,e,e,e,e,e,e,e,e,e,e,e,e,e,e,e,e,e,e,e,e,e,e,e,e,e,e,e,e,e,e,e,e,e,e,e,e,e,e,e,e,e,e,e,e,e,e,e,e,e,e,e,0
62,Djibouti,DJ,DJI,,5.015,5.178193,e,e,e,e,e,e,e,e,e,e,e,e,e,e,e,e,e,e,e,e,e,e,e,e,e,e,e,e,e,e,e,e,e,e,e,e,e,e,e,e,e,e,e,e,e,e,e,e,e,e,e,e,e,e,e,e,e,e,e,e,e,e,e,e,e,e,e,e,e,e,e,e,e,e,e,e,e,e,e,e,e,e,e,e,e,e,e,e,e,e,e,e,e,e,e,e,e,e,e,e,e,e,e,e,e,e,e,e,e,0
63,Dominica,DM,DMA,,4.785,,e,e,e,e,e,e,e,e,e,e,e,e,e,e,e,e,e,e,e,e,e,e,e,e,e,e,e,e,e,e,e,e,e,e,e,e,e,e,e,e,e,e,e,e,e,e,e,e,e,e,e,e,e,e,e,e,e,e,e,e,e,e,e,e,e,e,e,e,e,e,e,e,e,e,e,e,e,e,e,e,e,e,e,e,e,e,e,e,e,e,e,e,e,e,e,e,e,e,e,e,e,e,e,e,e,e,e,e,e,0
67,El Salvador,SV,SLV,,5.002,,e,e,e,e,e,e,e,e,e,e,,,,1,1,,,,1,,,,,,,,,1,1,1,1,1,,,,,,,,1,1,1,1,1,,,,,,,,,1,1,1,1,1,,,,,,4,,,,1,1,1,1,,,,,,,,1,,1,1,1,1,,,,,,,,3,,1,4,1,1,,1,,,,,,,7,1,1,1,1,0
68,Equatorial Guinea,GQ,GNQ,,4.024,0.096054,e,e,e,e,e,e,e,e,e,e,e,e,e,e,e,e,e,e,e,e,e,e,e,e,e,e,e,e,e,e,e,e,e,e,e,e,e,e,e,e,e,e,e,e,e,e,e,e,e,e,e,e,e,e,e,e,e,e,e,e,e,e,e,e,e,e,e,e,e,e,e,e,e,e,e,e,e,e,e,e,e,e,e,e,e,e,e,e,e,e,e,e,e,e,e,e,e,e,e,e,e,e,e,e,e,e,e,e,e,0
69,Eritrea,ER,ERI,,5.385,4.250699,e,e,e,e,e,e,e,e,e,e,e,e,e,e,e,e,e,e,e,e,e,e,e,e,e,e,e,e,e,e,e,e,e,e,e,e,e,e,e,e,e,e,e,e,e,e,e,e,e,e,e,e,e,e,e,e,e,e,e,e,e,e,e,e,e,e,e,e,e,e,e,e,e,e,e,e,e,e,e,e,e,e,e,e,e,e,e,e,e,e,e,e,e,e,e,e,e,e,e,e,e,e,e,e,e,e,e,e,e,0
71,Ethiopia,ET,ETH,,5.393,2.68052,e,e,e,e,e,e,e,e,e,e,,,,,1,,,,,,,,,1,,,,,1,,1,,,,,1,,,,,1,,1,,1,,,,1,,,,,1,,1,,1,,,,,,,1,,,1,,1,1,,,,1,,,,,,1,,1,1,,,,1,,,,,,1,,1,4,1,,,,1,,,,,1,,1,0
72,Falkland Islands (Malvinas),FK,FLK,,#N/A,#N/A,e,e,e,e,e,e,e,e,e,e,e,e,e,e,e,e,e,e,e,e,e,e,e,e,e,e,e,e,e,e,e,e,e,e,e,e,e,e,e,e,e,e,e,e,e,e,e,e,e,e,e,e,e,e,e,e,e,e,e,e,e,e,e,e,e,e,e,e,e,e,e,e,e,e,e,e,e,e,e,e,e,e,e,e,e,e,e,e,e,e,e,e,e,e,e,e,e,e,e,e,e,e,e,e,e,e,e,e,e,0
73,Faroe Islands,FO,FRO,,#N/A,#N/A,e,e,e,e,e,e,e,e,e,e,e,e,e,e,e,e,e,e,e,e,e,e,e,e,e,e,e,e,e,e,e,e,e,e,e,e,e,e,e,e,e,e,e,e,e,e,e,e,e,e,e,e,e,e,e,e,e,e,e,e,e,e,e,e,e,e,e,e,e,e,e,e,e,e,e,e,e,e,e,e,e,e,e,e,e,e,e,e,e,e,e,e,e,e,e,e,e,e,e,e,e,e,e,e,e,e,e,e,e,0
74,Fiji,FJ,FJI,,4.169,,e,e,e,e,e,e,e,e,e,e,e,e,e,e,e,e,e,e,e,e,e,e,e,e,e,e,e,e,e,e,e,e,e,e,e,e,e,e,e,e,e,e,e,e,1,,,,,,,,1,1,,,,1,,,,,,,,,1,1,,,1,,,,,,,,,1,1,,,1,,,,,,,,,1,1,,,4,1,,,,,,,,1,1,,,0
77,French Guiana,GF,GUF,,#N/A,#N/A,e,e,e,e,e,e,e,e,e,e,e,e,e,e,e,e,e,e,e,e,e,e,e,e,e,e,e,e,e,e,e,e,e,e,e,e,e,e,e,e,e,e,e,e,e,e,e,e,e,e,e,e,e,e,e,e,e,e,e,e,e,e,e,e,e,e,e,e,e,e,e,e,e,e,e,e,e,e,e,e,e,e,e,e,e,e,e,e,e,e,e,e,e,e,e,e,e,e,e,e,e,e,e,e,e,e,e,e,e,0
78,French Polynesia,PF,PYF,,#N/A,#N/A,e,e,e,e,e,e,e,e,e,e,e,e,e,e,e,e,e,e,e,e,e,e,e,e,e,e,e,e,e,e,e,e,e,e,e,e,e,e,e,e,e,e,e,e,e,e,e,e,e,e,e,e,e,e,e,e,e,e,e,e,e,e,e,e,e,e,e,e,e,e,e,e,e,e,e,e,e,e,e,e,e,e,e,e,e,e,e,e,e,e,e,e,e,e,e,e,e,e,e,e,e,e,e,e,e,e,e,e,e,0
79,French Southern Territories,TF,ATF,,#N/A,#N/A,e,e,e,e,e,e,e,e,e,e,e,e,e,e,e,e,e,e,e,e,e,e,e,e,e,e,e,e,e,e,e,e,e,e,e,e,e,e,e,e,e,e,e,e,e,e,e,e,e,e,e,e,e,e,e,e,e,e,e,e,e,e,e,e,e,e,e,e,e,e,e,e,e,e,e,e,e,e,e,e,e,e,e,e,e,e,e,e,e,e,e,e,e,e,e,e,e,e,e,e,e,e,e,e,e,e,e,e,e,0
80,Gabon,GA,GAB,,3.937,0.016362,e,e,e,e,e,e,e,e,e,e,e,e,e,e,e,e,e,e,e,e,e,e,e,e,e,e,e,e,e,e,e,e,e,e,e,e,e,e,e,e,e,e,e,e,e,e,e,e,e,e,e,e,e,e,e,e,e,e,e,e,e,e,e,e,e,e,e,e,e,e,e,e,e,e,e,e,e,e,e,e,e,e,e,e,e,e,e,e,e,e,e,e,e,e,e,e,e,e,e,e,e,e,e,e,e,e,e,e,e,0
81,Gambia,GM,GMB,,4.585,0.49359,e,e,e,e,e,e,e,e,e,e,e,e,e,e,e,e,e,e,e,e,,,,,,,,,1,,,,,,,,,,,,1,,,,,,,,,,,,,1,,,,,,,,,,,,,,1,,,3,,,,,,,,,,1,,,1,,,,,,,,,,1,,,4,1,,,,,,,,,1,,,0
82,Georgia,GE,GEO,,4.147,4.156997,e,e,e,e,e,e,e,e,e,e,e,e,e,e,e,e,e,e,e,e,e,e,e,e,e,e,e,e,e,e,e,e,e,e,e,e,e,e,e,e,e,e,e,e,e,e,e,e,e,e,e,e,e,e,e,e,e,e,e,e,e,e,e,e,e,e,e,e,e,e,e,e,e,e,e,e,e,e,e,e,e,e,e,e,e,e,e,e,e,e,e,e,e,e,e,e,e,e,e,e,e,e,e,e,e,e,e,e,e,0
85,Gibraltar,GI,GIB,,#N/A,#N/A,e,e,e,e,e,e,e,e,e,e,e,e,e,e,e,e,e,e,e,e,e,e,e,e,e,e,e,e,e,e,e,e,e,e,e,e,e,e,e,e,e,e,e,e,e,e,e,e,e,e,e,e,e,e,e,e,e,e,e,e,e,e,e,e,e,e,e,e,e,e,e,e,e,e,e,e,e,e,e,e,e,e,e,e,e,e,e,e,e,e,e,e,e,e,e,e,e,e,e,e,e,e,e,e,e,e,e,e,e,0
87,Greenland,GL,GRL,,#N/A,#N/A,e,e,e,e,e,e,e,e,e,e,e,e,e,e,e,e,e,e,e,e,e,e,e,e,e,e,e,e,e,e,e,e,e,e,e,e,e,e,e,e,e,e,e,e,e,e,e,e,e,e,e,e,e,e,e,e,e,e,e,e,e,e,e,e,e,e,e,e,e,e,e,e,e,e,e,e,e,e,e,e,e,e,e,e,e,e,e,e,e,e,e,e,e,e,e,e,e,e,e,e,e,e,e,e,e,e,e,e,e,0
88,Grenada,GD,GRD,,4.785,7.479194,e,e,e,e,e,e,e,e,e,e,e,e,e,e,e,e,e,e,e,e,e,e,e,e,e,e,e,e,e,e,e,e,,,,,,,,,1,,,,1,,,1,,,,,,1,,,,1,,,1,,,,,,,1,,,1,,,1,,,,,,,1,,,4,,,1,,,,,,,1,,,4,1,,,1,,,,,,1,,,0
89,Guadeloupe,GP,GLP,,#N/A,#N/A,e,e,e,e,e,e,e,e,e,e,e,e,e,e,e,e,e,e,e,e,e,e,e,e,e,e,e,e,e,e,e,e,e,e,e,e,e,e,e,e,e,e,e,e,e,e,e,e,e,e,e,e,e,e,e,e,e,e,e,e,e,e,e,e,e,e,e,e,e,e,e,e,e,e,e,e,e,e,e,e,e,e,e,e,e,e,e,e,e,e,e,e,e,e,e,e,e,e,e,e,e,e,e,e,e,e,e,e,e,0
90,Guam,GU,GUM,,#N/A,#N/A,e,e,e,e,e,e,e,e,e,e,e,e,e,e,e,e,e,e,e,e,e,e,e,e,e,e,e,e,e,e,e,e,e,e,e,e,e,e,e,e,e,e,e,e,e,e,e,e,e,e,e,e,e,e,e,e,e,e,e,e,e,e,e,e,e,e,e,e,e,e,e,e,e,e,e,e,e,e,e,e,e,e,e,e,e,e,e,e,e,e,e,e,e,e,e,e,e,e,e,e,e,e,e,e,e,e,e,e,e,0
91,Guatemala,GT,GTM,,5.144,4.860925,,,,1,1,,,,,,,,,1,1,,,,,,,,1,,,,,1,1,,,1,,,1,1,,,,1,1,,,1,1,,,1,1,,,,1,1,,,1,1,,,1,,1,,1,,1,1,,,1,,,1,1,,,1,,1,1,,,4,,,1,1,,,1,,1,1,,,4,1,,,1,1,,,7,1,1,,,0
92,Guernsey,GG,GGY,,#N/A,#N/A,e,e,e,e,e,e,e,e,e,e,e,e,e,e,e,e,e,e,e,e,e,e,e,e,e,e,e,e,e,e,e,e,e,e,e,e,e,e,e,e,e,e,e,e,e,e,e,e,e,e,e,e,e,e,e,e,e,e,e,e,e,e,e,e,e,e,e,e,e,e,e,e,e,e,e,e,e,e,e,e,e,e,e,e,e,e,e,e,e,e,e,e,e,e,e,e,e,e,e,e,e,e,e,e,e,e,e,e,e,0
93,Guinea,GN,GIN,,4.717,1.339476,e,e,e,e,e,e,e,e,e,e,e,e,e,e,e,e,e,e,e,e,e,e,e,e,e,e,e,e,e,e,e,e,e,e,e,e,e,e,e,e,e,e,e,e,,,,,,,,,,1,,,,1,,,,,,,,,,1,,,1,,,,,,,,,,1,,,4,,,,,,,,,,1,,,1,1,,,,,,,,,1,,,0
94,Guinea-Bissau,GW,GNB,,4.484,0.074121,e,e,e,e,e,e,e,e,e,e,e,e,e,e,e,e,e,e,e,e,e,e,e,e,e,e,e,e,e,e,e,e,e,e,e,e,e,e,e,e,e,e,e,e,e,e,e,e,e,e,e,e,e,e,e,e,e,1,,,,,,,,,,1,,,e,e,e,e,e,e,e,e,e,e,e,e,e,e,e,e,e,e,e,e,e,e,e,e,e,e,e,e,e,e,e,e,e,e,e,e,e,e,e,0
95,Guyana,GY,GUY,,4.643,3.169459,e,e,e,e,e,e,e,e,e,e,e,e,e,e,e,e,e,e,e,e,e,e,e,e,e,e,e,e,e,e,e,e,e,e,e,e,e,e,e,e,e,e,e,e,1,,,,,,,,,1,,,,1,,,,,,,,,,1,,,1,,,,,,,,,,1,,,4,,,,,,,,,,1,,,1,1,,,,,,,,,1,,,0
96,Haiti,HT,HTI,,4.988,4.878459,e,e,e,e,e,e,e,e,e,e,e,e,e,e,e,e,e,e,e,e,e,e,e,e,e,e,e,e,e,e,e,e,,,,,,,,,,,1,,,,,,,,,,,,,1,,,,,,,,,,,,,,1,1,,,,,,,,,,,,1,4,,,,,,,,,,,,1,4,1,,,,,,,,,,,1,0
97,Heard and Mcdonald Islands,HM,HMD,,#N/A,#N/A,e,e,e,e,e,e,e,e,e,e,e,e,e,e,e,e,e,e,e,e,e,e,e,e,e,e,e,e,e,e,e,e,e,e,e,e,e,e,e,e,e,e,e,e,e,e,e,e,e,e,e,e,e,e,e,e,e,e,e,e,e,e,e,e,e,e,e,e,e,e,e,e,e,e,e,e,e,e,e,e,e,e,e,e,e,e,e,e,e,e,e,e,e,e,e,e,e,e,e,e,e,e,e,e,e,e,e,e,e,0
98,Holy See (Vatican City State),VA,VAT,,4.03,5.096048,e,e,e,e,e,e,e,e,e,e,e,e,e,e,e,e,e,e,e,e,e,e,e,e,e,e,e,e,e,e,e,e,e,e,e,e,e,e,e,e,e,e,e,e,e,e,e,e,e,e,e,e,e,e,e,e,e,e,e,e,e,e,e,e,e,e,e,e,e,e,e,e,e,e,e,e,e,e,e,e,e,e,e,e,e,e,e,e,e,e,e,e,e,e,e,e,e,e,e,e,e,e,e,e,e,e,e,e,e,0
101,Iceland,IS,ISL,,,8.360281,e,e,e,e,e,e,e,e,e,e,e,e,e,e,e,e,e,e,e,e,e,e,e,e,e,e,e,e,e,e,e,e,e,e,e,e,e,e,e,e,e,e,e,e,e,e,e,e,e,e,e,e,e,e,e,e,e,e,e,e,e,e,e,e,e,e,e,e,e,e,e,e,e,e,e,e,e,e,e,e,e,e,e,e,e,e,e,e,e,e,e,e,e,e,e,e,e,e,e,e,e,e,e,e,e,e,e,e,e,0
105,Iraq,IQ,IRQ,,5.204,4.913036,e,e,e,e,e,e,e,e,e,e,e,e,e,e,e,e,e,e,e,e,e,e,e,e,e,e,e,e,e,e,e,e,e,e,e,e,e,e,e,e,e,e,e,e,e,e,e,e,e,e,e,e,e,e,e,e,e,e,e,e,e,e,e,e,e,e,e,e,e,e,e,e,e,e,e,e,e,e,e,e,e,e,e,,,,,,,,3,,,,,,1,1,,,,,,,7,,,,,0
107,Isle of Man,IM,IMN,,#N/A,#N/A,e,e,e,e,e,e,e,e,e,e,e,e,e,e,e,e,e,e,e,e,e,e,e,e,e,e,e,e,e,e,e,e,e,e,e,e,e,e,e,e,e,e,e,e,e,e,e,e,e,e,e,e,e,e,e,e,e,e,e,e,e,e,e,e,e,e,e,e,e,e,e,e,e,e,e,e,e,e,e,e,e,e,e,e,e,e,e,e,e,e,e,e,e,e,e,e,e,e,e,e,e,e,e,e,e,e,e,e,e,0
110,Jamaica,JM,JAM,,4.821,6.754835,e,e,e,e,e,e,e,e,e,e,e,e,e,e,e,e,e,e,e,e,e,e,e,e,e,e,e,e,e,e,e,e,,,,1,,,,1,1,,,,1,,,1,1,,,,1,1,,,1,1,,,1,,1,,1,,1,1,,,1,,,1,1,,,1,,1,1,,,1,,,1,1,,,1,,1,1,,,4,1,,,1,1,,,8,1,1,,,0
112,Jersey,JE,JEY,,#N/A,#N/A,e,e,e,e,e,e,e,e,e,e,e,e,e,e,e,e,e,e,e,e,e,e,e,e,e,e,e,e,e,e,e,e,e,e,e,e,e,e,e,e,e,e,e,e,e,e,e,e,e,e,e,e,e,e,e,e,e,e,e,e,e,e,e,e,e,e,e,e,e,e,e,e,e,e,e,e,e,e,e,e,e,e,e,e,e,e,e,e,e,e,e,e,e,e,e,e,e,e,e,e,e,e,e,e,e,e,e,e,e,0
116,Kiribati,KI,KIR,,5.136,,e,e,e,e,e,e,e,e,e,e,e,e,e,e,e,e,e,e,e,e,e,e,e,e,e,e,e,e,e,e,e,e,e,e,e,e,e,e,e,e,e,e,e,e,e,e,e,e,e,e,e,e,e,e,e,e,e,e,e,e,e,e,e,e,e,e,e,e,e,e,e,e,e,e,e,e,e,e,e,e,e,e,e,e,e,e,e,e,e,e,e,e,e,e,e,e,e,e,e,e,e,e,e,e,e,e,e,e,e,0
117,Korea (North),KP,PRK,,4.468,6.218848,e,e,e,e,e,e,e,e,e,e,e,e,e,e,e,e,e,e,e,e,e,e,e,e,e,e,e,e,e,e,e,e,e,e,e,e,e,e,e,e,e,e,e,e,e,e,e,e,e,e,e,e,e,e,e,e,e,e,e,e,e,e,e,e,e,e,e,e,e,e,e,e,e,e,e,e,e,e,e,e,e,e,e,e,e,e,e,e,e,e,e,e,e,e,e,e,e,e,e,e,e,e,e,e,e,e,e,e,e,0
119,Kuwait,KW,KWT,,4.788,5.804846,e,e,e,e,e,e,e,e,e,e,e,e,e,e,e,e,e,e,e,e,e,e,e,e,e,e,e,e,e,e,e,e,e,e,e,e,e,e,e,e,e,e,e,e,e,e,e,e,e,e,e,e,e,e,e,e,e,1,,,,,3,,,,,,,,1,,,,,,,1,,,,,,1,,,,,,,1,,,,,,1,1,,,,,,,8,,,,,0
120,Kyrgyzstan,KG,KGZ,,5.051,4.568106,e,e,e,e,e,e,e,e,e,e,e,e,e,e,e,e,e,e,e,e,,1,,,,,1,,1,,,,,1,,,,,1,,1,,,,,,1,,,,,1,,1,,,,,,1,,,,,,1,,1,,,,,1,,,,,,1,,1,,,,,1,,,,,,1,,1,,,,,,1,,,,,,,1,,1,0
121,Lao PDR,LA,LAO,,4.169,3.619483,e,e,e,e,e,e,e,e,e,e,e,e,e,e,e,e,e,e,e,e,e,e,e,e,e,e,e,e,e,e,e,e,e,e,e,e,e,e,e,e,e,e,e,e,e,e,e,e,e,e,e,e,e,e,e,e,e,e,e,e,e,e,e,e,e,e,e,e,e,e,e,e,e,e,e,e,e,e,e,e,e,e,e,e,e,e,e,e,e,e,e,e,e,e,e,e,e,e,e,e,e,e,e,e,e,e,e,e,e,0
123,Lebanon,LB,LBN,,5.19,5.42636,e,e,e,e,e,e,e,e,e,e,e,e,e,e,e,e,e,e,e,e,e,e,e,e,e,e,e,e,e,e,e,e,,,1,,,,,,1,,,,1,,,1,,1,,,,1,,1,,1,,,1,,,,,,,1,,,1,,,1,,,,,,,1,,1,4,,,1,,,,,,,1,,1,4,1,,,1,,,,,,1,,1,0
125,Liberia,LR,LBR,,4.134,0.048544,e,e,e,e,e,e,e,e,e,e,e,e,e,e,e,e,e,e,e,e,e,e,e,e,e,e,e,e,e,e,e,e,e,e,e,e,e,e,e,e,e,e,e,e,e,e,e,e,e,e,e,e,e,e,e,e,e,e,e,e,e,e,e,e,e,e,e,e,e,e,1,,,,,,,,,,1,,,4,,,,,,,,,,1,,,1,1,,,,,,,,,1,,,0
126,Libya,LY,LBY,,5.872,5.382664,e,e,e,e,e,e,e,e,e,e,e,e,e,e,e,e,e,e,e,e,e,e,e,e,e,e,e,e,e,e,e,e,e,e,e,e,e,e,e,e,e,e,e,e,1,,,,,,,,,1,,,,4,,,,,,,,,,1,,,1,,,,,,,,,,1,,,1,,,,,,,,,,1,,,1,,,,,,,,,,1,,,0
131,Madagascar,MG,MDG,,5.24,4.473673,e,e,e,e,e,e,e,e,e,e,e,e,e,e,e,e,e,e,e,e,e,e,e,e,e,e,e,e,e,e,e,e,e,e,e,e,e,e,e,e,e,e,e,e,1,,,,,,,,,1,,,,1,,,,,,,,,,1,,,1,,,,,,,,,,1,,,4,,,,,,,,,,1,,,4,1,,,,,,,,,1,,,0
132,Malawi,MW,MWI,,4.966,3.140641,e,e,e,e,e,e,e,e,e,e,e,e,e,e,e,e,e,e,e,e,e,e,e,e,e,e,e,e,e,e,e,e,,,,1,,,,,1,,,,1,,,,1,,,,,1,,,,1,,,,,,,1,,,1,,,1,,,,,,,,,,1,,1,4,,,,1,,,,,,1,,1,4,1,,,,,1,,3,,1,,1,0
135,Mali,ML,MLI,,5.07,3.49452,e,e,e,e,e,e,e,e,e,e,e,e,e,e,e,e,e,e,e,e,,,,,,,,,1,,,,,,,,,,,,1,,,,1,,,,,,,,,1,,,,1,,,,,,,1,,,1,,1,1,,,,1,,,,,,1,,1,1,,,,1,,,,,,1,,1,1,1,,,,1,,,,,1,,1,0
137,Marshall Islands,MH,MHL,,4.925,,e,e,e,e,e,e,e,e,e,e,e,e,e,e,e,e,e,e,e,e,,,,,,,,,1,,,,,,,,,,,,1,,,,1,,,,,,,,,1,,,,1,,,,,,,,,,1,,,1,,,,,,,,,,1,,,1,,,,,,,,,,1,,,4,1,,,,,,,,,1,,,0
138,Martinique,MQ,MTQ,,#N/A,#N/A,e,e,e,e,e,e,e,e,e,e,e,e,e,e,e,e,e,e,e,e,e,e,e,e,e,e,e,e,e,e,e,e,e,e,e,e,e,e,e,e,e,e,e,e,e,e,e,e,e,e,e,e,e,e,e,e,e,e,e,e,e,e,e,e,e,e,e,e,e,e,e,e,e,e,e,e,e,e,e,e,e,e,e,e,e,e,e,e,e,e,e,e,e,e,e,e,e,e,e,e,e,e,e,e,e,e,e,e,e,0
139,Mauritania,MR,MRT,,5.232,5.591186,e,e,e,e,e,e,e,e,e,e,e,e,e,e,e,e,e,e,e,e,e,e,e,e,e,e,e,e,e,e,e,e,e,e,e,e,e,e,e,e,e,e,e,e,e,e,e,e,e,e,e,e,e,e,e,e,e,e,e,e,e,e,e,e,e,e,e,e,e,e,e,e,e,e,e,e,e,e,e,e,e,e,e,e,e,e,e,e,e,e,e,e,e,e,e,e,e,e,e,e,e,e,e,e,e,e,e,e,e,0
141,Mayotte,YT,MYT,,#N/A,#N/A,e,e,e,e,e,e,e,e,e,e,e,e,e,e,e,e,e,e,e,e,e,e,e,e,e,e,e,e,e,e,e,e,e,e,e,e,e,e,e,e,e,e,e,e,e,e,e,e,e,e,e,e,e,e,e,e,e,e,e,e,e,e,e,e,e,e,e,e,e,e,e,e,e,e,e,e,e,e,e,e,e,e,e,e,e,e,e,e,e,e,e,e,e,e,e,e,e,e,e,e,e,e,e,e,e,e,e,e,e,0
142,Mexico,MX,MEX,,5.642,4.865804,,,,1,,,,1,,,,,,1,,,,1,1,1,,,1,,,,,1,,,1,1,,,1,,1,,,1,,,1,1,1,,,1,,1,,,1,,,1,1,1,,,1,,1,1,,,1,,,1,1,,,1,,,,1,,1,,,1,4,,,1,,,,3,,1,,,1,4,,,,1,3,,,7,1,,,1,0
143,"Micronesia, Federated States of",FM,FSM,,4.188,,e,e,e,e,e,e,e,e,e,e,e,e,e,e,e,e,e,e,e,e,e,e,e,e,e,e,e,e,e,e,e,e,e,e,e,e,e,e,e,e,e,e,e,e,1,,,2,,,,,,,,,,1,,,2,,,,,,,,,,1,,,2,,,,,,,,,,1,,,2,,,,,,,,,,1,1,,,2,,,,,,,,,0
145,Monaco,MC,MCO,,4.123,,e,e,e,e,e,e,e,e,e,e,e,e,e,e,e,e,e,e,e,e,e,e,e,e,e,e,e,e,e,e,e,e,e,e,e,e,e,e,e,e,e,e,e,e,e,e,e,e,e,e,e,e,e,e,e,e,e,e,e,e,e,e,e,e,e,e,e,e,e,e,e,e,e,e,e,e,e,e,e,e,e,e,e,e,e,e,e,e,e,e,e,e,e,e,e,e,e,e,e,e,e,e,e,e,e,e,e,e,e,0
148,Montserrat,MS,MSR,,#N/A,#N/A,e,e,e,e,e,e,e,e,e,e,e,e,e,e,e,e,e,e,e,e,e,e,e,e,e,e,e,e,e,e,e,e,e,e,e,e,e,e,e,e,e,e,e,e,e,e,e,e,e,e,e,e,e,e,e,e,e,e,e,e,e,e,e,e,e,e,e,e,e,e,e,e,e,e,e,e,e,e,e,e,e,e,e,e,e,e,e,e,e,e,e,e,e,e,e,e,e,e,e,e,e,e,e,e,e,e,e,e,e,0
149,Morocco,MA,MAR,,5.544,3.252218,,,,1,,,,,,,,,,1,1,,,,1,,,,,,,,,,,,1,,,,,,,,,,,,1,1,1,,,,,,,,,,,1,1,1,,,,,1,,,,,,,1,1,,,1,,,,1,,,,,1,4,,,1,,,,,,,,,1,4,1,,,1,,,,7,,,,1,0
150,Mozambique,MZ,MOZ,,4.835,3.840868,e,e,e,e,e,e,e,e,e,e,e,e,e,e,e,e,e,e,e,e,,,,1,,,,,,,1,,,,,1,,,,,,,1,,1,,,,1,,,,,,,1,,1,,,,,,,1,,,,,1,1,,,,1,,,,,,1,,1,1,,,,1,,,,,,1,,1,1,1,,,,1,,,,,1,,1,0
151,Myanmar,MM,MMR,,4.479,2.132055,e,e,e,e,e,e,e,e,e,e,e,e,e,e,e,e,e,e,e,e,e,e,e,e,e,e,e,e,e,e,e,e,e,e,e,e,e,e,e,e,e,e,e,e,e,e,e,e,e,e,e,e,e,e,e,e,e,e,e,e,e,e,e,e,e,e,e,e,e,e,1,,,,,,,,,,1,,,4,,,,,,,,,,1,,,1,1,,,,,,,,,1,,,0
152,Namibia,NA,NAM,,5.776,3.53039,e,e,e,e,e,e,e,e,e,e,e,e,e,e,e,e,e,e,e,e,e,e,e,e,e,e,e,e,e,e,e,e,e,e,e,e,e,e,e,e,e,e,e,e,e,e,e,e,e,e,e,e,e,e,e,e,e,e,e,e,e,e,e,e,e,e,e,e,e,e,1,,,,,1,,,,,,,,4,,,,,1,,,,,,,,1,1,,,,,1,,,,,,,0
153,Nauru,NR,NRU,,4.506,,e,e,e,e,e,e,e,e,e,e,e,e,e,e,e,e,e,e,e,e,e,e,e,e,e,e,e,e,e,e,e,e,e,e,e,e,e,e,e,e,e,e,e,e,e,e,e,e,e,e,e,e,e,e,e,e,e,e,e,e,e,e,e,e,e,e,e,e,e,e,e,e,e,e,e,e,e,e,e,e,e,e,e,e,e,e,e,e,e,e,e,e,e,e,e,e,e,e,e,e,e,e,e,e,e,e,e,e,e,0
156,Netherlands Antilles,AN,ANT,,#N/A,#N/A,e,e,e,e,e,e,e,e,e,e,e,e,e,e,e,e,e,e,e,e,e,e,e,e,e,e,e,e,e,e,e,e,e,e,e,e,e,e,e,e,e,e,e,e,e,e,e,e,e,e,e,e,e,e,e,e,e,e,e,e,e,e,e,e,e,e,e,e,e,e,e,e,e,e,e,e,e,e,e,e,e,e,e,e,e,e,e,e,e,e,e,e,e,e,e,e,e,e,e,e,e,e,e,e,e,e,e,e,e,0
157,New Caledonia,NC,NCL,,#N/A,#N/A,e,e,e,e,e,e,e,e,e,e,e,e,e,e,e,e,e,e,e,e,e,e,e,e,e,e,e,e,e,e,e,e,e,e,e,e,e,e,e,e,e,e,e,e,e,e,e,e,e,e,e,e,e,e,e,e,e,e,e,e,e,e,e,e,e,e,e,e,e,e,e,e,e,e,e,e,e,e,e,e,e,e,e,e,e,e,e,e,e,e,e,e,e,e,e,e,e,e,e,e,e,e,e,e,e,e,e,e,e,0
158,New Zealand,NZ,NZL,,4.711,7.962222,,,1,,,,,,1,,,,1,,,,,,1,,,,,,,,1,,,,,,,,,,,,1,,,,,,1,,,,,,,,,,,,,1,,,,,,,,1,,,,,1,,,,,,,,1,,,,1,1,,,2,,,,,1,,,,1,1,1,,,2,,,,,,,,1,0
160,Niger,NE,NER,,5.552,2.9853,e,e,e,e,e,e,e,e,e,e,e,e,e,e,e,e,e,e,e,e,e,e,e,e,e,e,e,e,e,e,e,e,e,e,e,e,e,e,e,e,e,e,e,e,e,e,e,e,e,e,e,e,e,e,e,e,e,e,e,e,e,e,e,e,e,e,e,e,e,e,1,,,,,,,,,,1,,,4,,,,,,,,,,1,,,4,1,,,,,,,,,1,,,0
162,Niue,NU,NIU,,#N/A,#N/A,e,e,e,e,e,e,e,e,e,e,e,e,e,e,e,e,e,e,e,e,e,e,e,e,e,e,e,e,e,e,e,e,e,e,e,e,e,e,e,e,e,e,e,e,e,e,e,e,e,e,e,e,e,e,e,e,e,e,e,e,e,e,e,e,e,e,e,e,e,e,e,e,e,e,e,e,e,e,e,e,e,e,e,e,e,e,e,e,e,e,e,e,e,e,e,e,e,e,e,e,e,e,e,e,e,e,e,e,e,0
163,Norfolk Island,NF,NFK,,#N/A,#N/A,e,e,e,e,e,e,e,e,e,e,e,e,e,e,e,e,e,e,e,e,e,e,e,e,e,e,e,e,e,e,e,e,e,e,e,e,e,e,e,e,e,e,e,e,e,e,e,e,e,e,e,e,e,e,e,e,e,e,e,e,e,e,e,e,e,e,e,e,e,e,e,e,e,e,e,e,e,e,e,e,e,e,e,e,e,e,e,e,e,e,e,e,e,e,e,e,e,e,e,e,e,e,e,e,e,e,e,e,e,0
164,Northern Mariana Islands,MP,MNP,,#N/A,#N/A,e,e,e,e,e,e,e,e,e,e,e,e,e,e,e,e,e,e,e,e,e,e,e,e,e,e,e,e,e,e,e,e,e,e,e,e,e,e,e,e,e,e,e,e,e,e,e,e,e,e,e,e,e,e,e,e,e,e,e,e,e,e,e,e,e,e,e,e,e,e,e,e,e,e,e,e,e,e,e,e,e,e,e,e,e,e,e,e,e,e,e,e,e,e,e,e,e,e,e,e,e,e,e,e,e,e,e,e,e,0
165,Norway,NO,NOR,,2.967,7.307177,,,1,1,,1,,,,1,,,1,,1,1,,,1,,,,,1,,1,1,,1,,1,,,,,1,,1,1,,1,,1,,1,,,,1,,1,1,,1,,1,,1,,1,,1,3,,1,1,,1,,1,1,,1,,1,,1,1,1,,1,,1,1,,1,,1,,1,1,1,,1,,1,4,1,,1,,1,,1,8,,1,,1,0
166,Oman,OM,OMN,,5.672,5.696306,e,e,e,e,e,e,e,e,e,e,e,e,e,e,e,e,e,e,e,e,e,e,e,e,e,e,e,e,e,e,e,e,e,e,e,e,e,e,e,e,e,e,e,e,,,,,,,,1,,,1,1,1,e,e,e,e,e,e,e,e,e,e,e,e,e,e,e,e,e,e,e,e,e,e,e,e,e,e,e,e,e,e,e,e,e,e,e,e,e,e,e,e,e,e,e,e,e,e,e,e,e,e,e,e,0
168,Palau,PW,PLW,,4.065,,e,e,e,e,e,e,e,e,e,e,e,e,e,e,e,e,e,e,e,e,e,e,e,e,e,e,e,e,e,e,e,e,,1,,,,,,,,,,,1,,1,,,,,,,,,,,1,,1,,,,,,,,,,,1,,1,,,,,,,,,,,1,,1,,,,,,,,,,,4,1,,1,,,,,,,,,,0
171,Papua New Guinea,PG,PNG,,4.591,2.681999,e,e,e,e,e,e,e,e,e,e,e,e,e,e,e,e,e,e,e,e,e,e,e,e,e,e,e,e,e,e,e,e,e,e,e,e,e,e,e,e,e,e,e,e,e,e,e,e,e,e,e,e,e,e,e,e,e,e,e,e,e,e,e,e,e,e,e,e,e,e,e,e,e,e,e,e,e,e,e,e,e,e,e,e,e,e,e,e,e,e,e,e,e,e,e,e,e,e,e,e,e,e,e,e,e,e,e,e,e,0
172,Paraguay,PY,PRY,,4.323,5.11815,e,e,e,e,e,e,e,e,e,e,e,e,e,e,e,e,e,e,e,e,e,e,e,e,e,e,e,e,e,e,e,e,,,,1,,,,,1,,,,,,,,1,,,,,1,,,,,,,,,,,1,,,1,,,,,,,1,,,,,,1,,,3,,,,1,,,,,,1,,,1,1,,,,1,,,,,1,,,0
175,Pitcairn,PN,PCN,,#N/A,#N/A,e,e,e,e,e,e,e,e,e,e,e,e,e,e,e,e,e,e,e,e,e,e,e,e,e,e,e,e,e,e,e,e,e,e,e,e,e,e,e,e,e,e,e,e,e,e,e,e,e,e,e,e,e,e,e,e,e,e,e,e,e,e,e,e,e,e,e,e,e,e,e,e,e,e,e,e,e,e,e,e,e,e,e,e,e,e,e,e,e,e,e,e,e,e,e,e,e,e,e,e,e,e,e,e,e,e,e,e,e,0
178,Puerto Rico,PR,PRI,,#N/A,#N/A,e,e,e,e,e,e,e,e,e,e,e,e,e,e,e,e,e,e,e,e,e,e,e,e,e,e,e,e,e,e,e,e,e,e,e,e,e,e,e,e,e,e,e,e,e,e,e,e,e,e,e,e,e,e,e,e,e,e,e,e,e,e,e,e,e,e,e,e,e,e,e,e,e,e,e,e,e,e,e,e,e,e,e,e,e,e,e,e,e,e,e,e,e,e,e,e,e,e,e,e,e,e,e,e,e,e,e,e,e,0
179,Qatar,QA,QAT,,4.917,5.714629,e,e,e,e,e,e,e,e,e,e,e,e,e,e,e,e,e,e,e,e,e,e,e,e,e,e,e,e,e,e,e,e,e,e,e,e,e,e,e,e,e,e,e,e,e,e,e,e,e,e,e,e,e,e,e,e,e,e,e,e,e,e,e,e,e,e,e,e,e,e,e,e,e,e,e,e,e,e,e,e,e,e,e,e,e,e,e,e,e,e,e,e,e,e,e,e,1,1,,,,,,,8,,,,,0
180,RÃ©union,RE,REU,,#N/A,#N/A,e,e,e,e,e,e,e,e,e,e,e,e,e,e,e,e,e,e,e,e,e,e,e,e,e,e,e,e,e,e,e,e,e,e,e,e,e,e,e,e,e,e,e,e,e,e,e,e,e,e,e,e,e,e,e,e,e,e,e,e,e,e,e,e,e,e,e,e,e,e,e,e,e,e,e,e,e,e,e,e,e,e,e,e,e,e,e,e,e,e,e,e,e,e,e,e,e,e,e,e,e,e,e,e,e,e,e,e,e,0
181,Romania,RO,ROU,,3.685,5.427382,,,,,1,,,,,,,1,,,1,1,,,1,,,1,,1,,1,,,1,,1,,,1,,1,,1,,,1,,1,,1,,1,,1,,1,,,1,,1,,1,,1,,1,,,1,,,,,1,1,,1,,1,,1,,,,,,4,1,,1,,1,,1,,,,,,1,1,,,1,,1,,1,,,,,4,0
184,Saint-BarthÃ©lemy,BL,BLM,,#N/A,#N/A,e,e,e,e,e,e,e,e,e,e,e,e,e,e,e,e,e,e,e,e,e,e,e,e,e,e,e,e,e,e,e,e,e,e,e,e,e,e,e,e,e,e,e,e,e,e,e,e,e,e,e,e,e,e,e,e,e,e,e,e,e,e,e,e,e,e,e,e,e,e,e,e,e,e,e,e,e,e,e,e,e,e,e,e,e,e,e,e,e,e,e,e,e,e,e,e,e,e,e,e,e,e,e,e,e,e,e,e,e,0
185,Saint Helena,SH,SHN,,#N/A,#N/A,e,e,e,e,e,e,e,e,e,e,e,e,e,e,e,e,e,e,e,e,e,e,e,e,e,e,e,e,e,e,e,e,e,e,e,e,e,e,e,e,e,e,e,e,e,e,e,e,e,e,e,e,e,e,e,e,e,e,e,e,e,e,e,e,e,e,e,e,e,e,e,e,e,e,e,e,e,e,e,e,e,e,e,e,e,e,e,e,e,e,e,e,e,e,e,e,e,e,e,e,e,e,e,e,e,e,e,e,e,0
186,Saint Kitts and Nevis,KN,KNA,,4.867,7.189296,e,e,e,e,e,e,e,e,e,e,e,e,e,e,e,e,e,e,e,e,e,e,e,e,e,e,e,e,e,e,e,e,e,e,e,e,e,e,e,e,e,e,e,e,e,e,e,e,e,e,e,e,e,e,e,e,e,e,e,e,e,e,e,e,e,e,e,e,e,e,e,e,e,e,e,e,e,e,e,e,e,e,e,e,e,e,e,e,e,e,e,e,e,e,e,e,e,e,e,e,e,e,e,e,e,e,e,e,e,0
187,Saint Lucia,LC,LCA,,4.752,,e,e,e,e,e,e,e,e,e,e,e,e,e,e,e,e,e,e,e,e,e,e,e,e,e,e,e,e,e,e,e,e,e,e,e,e,e,e,e,e,e,e,e,e,1,,,1,,,,,,,,,,1,,,1,,,,,,,,,,4,,,1,,,,,,,1,,,1,,,1,,,,,,,1,,,4,1,,,1,,,,,,1,,,0
188,Saint-Martin (French part),MF,MAF,,#N/A,#N/A,e,e,e,e,e,e,e,e,e,e,e,e,e,e,e,e,e,e,e,e,e,e,e,e,e,e,e,e,e,e,e,e,e,e,e,e,e,e,e,e,e,e,e,e,e,e,e,e,e,e,e,e,e,e,e,e,e,e,e,e,e,e,e,e,e,e,e,e,e,e,e,e,e,e,e,e,e,e,e,e,e,e,e,e,e,e,e,e,e,e,e,e,e,e,e,e,e,e,e,e,e,e,e,e,e,e,e,e,e,0
189,Saint Pierre and Miquelon,PM,SPM,,#N/A,#N/A,e,e,e,e,e,e,e,e,e,e,e,e,e,e,e,e,e,e,e,e,e,e,e,e,e,e,e,e,e,e,e,e,e,e,e,e,e,e,e,e,e,e,e,e,e,e,e,e,e,e,e,e,e,e,e,e,e,e,e,e,e,e,e,e,e,e,e,e,e,e,e,e,e,e,e,e,e,e,e,e,e,e,e,e,e,e,e,e,e,e,e,e,e,e,e,e,e,e,e,e,e,e,e,e,e,e,e,e,e,0
190,Saint Vincent and Grenadines,VC,VCT,,4.807,,e,e,e,e,e,e,e,e,e,e,e,e,e,e,e,e,e,e,e,e,e,e,e,e,e,e,e,e,e,e,e,e,e,e,e,e,e,e,e,e,e,e,e,e,e,e,e,e,e,e,e,e,e,e,e,e,e,e,e,e,e,e,e,e,e,e,e,e,e,e,1,,,1,,,,,,,,,,1,,,1,,,,,,,,,,1,1,,,1,,,,,,,,,0
191,Samoa,WS,WSM,,4.268,,e,e,e,e,e,e,e,e,e,e,e,e,e,e,e,e,e,e,e,e,e,e,e,e,e,e,e,e,e,e,e,e,e,e,e,e,e,e,e,e,e,e,e,e,e,e,e,e,e,e,e,e,e,e,e,e,e,e,e,e,e,e,e,e,e,e,e,e,e,e,e,e,e,e,e,e,e,e,e,e,e,e,e,e,e,e,e,e,e,e,e,e,e,e,e,e,e,e,e,e,e,e,e,e,e,e,e,e,e,0
193,Sao Tome and Principe,ST,STP,,3.912,0,e,e,e,e,e,e,e,e,e,e,e,e,e,e,e,e,e,e,e,e,e,e,e,e,e,e,e,e,e,e,e,e,e,e,e,e,e,e,e,e,e,e,e,e,e,e,e,e,e,e,e,e,e,e,e,e,e,e,e,e,e,e,e,e,e,e,e,e,e,e,e,e,e,e,e,e,e,e,e,e,e,e,e,e,e,e,e,e,e,e,e,e,e,e,e,e,e,e,e,e,e,e,e,e,e,e,e,e,e,0
194,Saudi Arabia,SA,SAU,,5.785,5.458959,e,e,e,e,e,e,e,e,e,e,e,e,e,e,e,e,e,e,e,e,e,e,e,e,e,e,e,e,e,e,e,e,e,e,e,e,e,e,e,e,e,e,e,e,e,e,e,e,e,e,e,e,e,e,e,e,e,e,e,e,e,e,e,e,e,e,e,e,e,e,e,e,e,e,e,e,e,e,e,e,e,e,e,e,e,e,e,e,e,e,e,e,e,e,e,e,4,1,,,,,,,3,,,,,0
197,Seychelles,SC,SYC,,4.807,0,e,e,e,e,e,e,e,e,e,e,e,e,e,e,e,e,e,e,e,e,e,e,e,e,e,e,e,e,e,e,e,e,e,e,e,e,e,e,e,e,e,e,e,e,e,e,e,e,e,e,e,e,e,e,e,e,e,e,e,e,e,e,e,e,e,e,e,e,e,e,1,,,3,,,,,,1,1,,1,1,,,1,,,,,,1,1,,1,1,1,,,1,,,,,1,1,,1,0
198,Sierra Leone,SL,SLE,,4.334,0.355656,e,e,e,e,e,e,e,e,e,e,e,e,e,e,e,e,e,e,e,e,e,e,e,e,e,e,e,e,e,e,e,e,e,e,e,e,e,e,e,e,e,e,e,e,e,e,e,e,e,e,e,e,e,e,e,e,e,e,e,e,e,e,e,e,e,e,e,e,e,e,e,e,e,e,e,e,e,e,e,e,e,e,e,e,e,e,e,e,e,e,e,e,e,e,e,e,e,e,e,e,e,e,e,e,e,e,e,e,e,0
199,Singapore,SG,SGP,,3.561,4.54162,e,e,e,e,e,e,e,e,e,e,e,e,e,e,e,e,e,e,e,e,,,,,,,,,,,1,,,,1,,,,,,,,1,,,,,1,,,,,,,,1,1,,,,1,,1,,,,,1,,1,3,,,1,,,,1,,,,,1,4,,,1,,,,1,,,,,1,4,1,,,1,,,,8,,,,1,0
202,Solomon Islands,SB,SLB,,4.054,5.132153,e,e,e,e,e,e,e,e,e,e,e,e,e,e,e,e,e,e,e,e,e,e,e,e,e,e,e,e,e,e,e,e,e,e,e,e,e,e,e,e,e,e,e,e,e,e,e,e,e,e,e,e,e,e,e,e,e,e,e,e,e,e,e,e,e,e,e,e,e,e,e,e,e,e,e,e,e,e,e,e,e,e,e,e,e,e,e,e,e,e,e,e,e,e,e,e,e,e,e,e,e,e,e,e,e,e,e,e,e,0
203,Somalia,SO,SOM,,5.39,7.515142,e,e,e,e,e,e,e,e,e,e,e,e,e,e,e,e,e,e,e,e,e,e,e,e,e,e,e,e,e,e,e,e,e,e,e,e,e,e,e,e,e,e,e,e,e,e,e,e,e,e,e,e,e,e,e,e,e,e,e,e,e,e,e,e,e,e,e,e,e,e,e,e,e,e,e,e,e,e,e,e,e,e,e,e,e,e,e,e,e,e,e,e,e,e,e,e,e,e,e,e,e,e,e,e,e,e,e,e,e,0
205,South Georgia and the South Sandwich Islands,GS,SGS,,#N/A,#N/A,e,e,e,e,e,e,e,e,e,e,e,e,e,e,e,e,e,e,e,e,e,e,e,e,e,e,e,e,e,e,e,e,e,e,e,e,e,e,e,e,e,e,e,e,e,e,e,e,e,e,e,e,e,e,e,e,e,e,e,e,e,e,e,e,e,e,e,e,e,e,e,e,e,e,e,e,e,e,e,e,e,e,e,e,e,e,e,e,e,e,e,e,e,e,e,e,e,e,e,e,e,e,e,e,e,e,e,e,e,0
206,South Sudan,SS,SSD,,4.731,0.737339,e,e,e,e,e,e,e,e,e,e,e,e,e,e,e,e,e,e,e,e,e,e,e,e,e,e,e,e,e,e,e,e,e,e,e,e,e,e,e,e,e,e,e,e,e,e,e,e,e,e,e,e,e,e,e,e,e,e,e,e,e,e,e,e,e,e,e,e,e,e,e,e,e,e,e,e,e,e,e,e,e,e,e,e,e,e,e,e,e,e,e,e,e,e,e,e,e,e,e,e,e,e,e,e,e,e,e,e,e,0
209,Sudan,SD,SDN,,5.798,4.544967,e,e,e,e,e,e,e,e,e,e,e,e,e,e,e,e,e,e,e,e,e,e,e,e,e,e,e,e,e,e,e,e,e,e,e,e,e,e,e,e,e,e,e,e,1,,,,,,,,,1,,,,1,,,,,,,1,,,,,1,1,,,,1,,,,,,,,,4,,,,1,,,,,,,,,4,1,,,,1,,,,,,,,0
210,Suriname,SR,SUR,,4.583,3.317077,e,e,e,e,e,e,e,e,e,e,e,e,e,e,e,e,e,e,e,e,e,e,e,e,e,e,e,e,e,e,e,e,e,e,e,e,e,e,e,e,e,e,e,e,e,e,e,e,e,e,e,e,e,e,e,e,e,e,e,e,e,e,e,e,e,e,e,e,e,e,e,e,e,e,e,e,e,e,e,e,e,e,e,e,e,e,e,e,e,e,e,e,e,e,e,e,,1,,,3,,,,3,,,,,0
211,Svalbard and Jan Mayen Islands,SJ,SJM,,#N/A,#N/A,e,e,e,e,e,e,e,e,e,e,e,e,e,e,e,e,e,e,e,e,e,e,e,e,e,e,e,e,e,e,e,e,e,e,e,e,e,e,e,e,e,e,e,e,e,e,e,e,e,e,e,e,e,e,e,e,e,e,e,e,e,e,e,e,e,e,e,e,e,e,e,e,e,e,e,e,e,e,e,e,e,e,e,e,e,e,e,e,e,e,e,e,e,e,e,e,e,e,e,e,e,e,e,e,e,e,e,e,e,0
212,Swaziland,SZ,SWZ,,4.531,4.961263,e,e,e,e,e,e,e,e,e,e,e,e,e,e,e,e,e,e,e,e,e,e,e,e,e,e,e,e,e,e,e,e,e,e,e,e,e,e,e,e,e,e,e,e,e,e,e,e,e,e,e,e,e,e,e,e,e,e,e,e,e,e,e,e,e,e,e,e,e,e,e,e,e,e,e,e,e,e,e,e,e,e,e,e,e,e,e,e,e,e,e,e,e,e,e,e,e,e,e,e,e,e,e,e,e,e,e,e,e,0
216,"Taiwan, Republic of China",TW,TWN,,4.309,4.993822,e,e,e,e,e,e,e,e,e,e,e,e,e,e,e,e,e,e,e,e,e,e,e,e,e,e,e,e,e,e,e,e,e,e,e,e,e,e,e,e,e,e,e,e,e,e,e,e,e,e,e,e,e,e,e,e,e,e,e,e,e,e,e,e,e,e,e,e,e,e,e,e,e,e,e,e,e,e,e,e,e,e,e,e,e,e,e,e,e,e,e,e,e,e,e,e,e,e,e,e,e,e,e,e,e,e,e,e,e,0
220,Timor-Leste,TL,TLS,,4.709,3.78978,e,e,e,e,e,e,e,e,e,e,e,e,e,e,e,e,e,e,e,e,e,e,e,e,e,e,e,e,e,e,e,e,e,e,e,e,e,e,e,e,e,e,e,e,e,e,e,e,e,e,e,e,e,e,e,e,e,e,e,e,e,e,e,e,e,e,e,e,e,e,e,e,e,e,e,e,e,e,e,e,e,e,e,e,e,e,e,e,e,e,e,e,e,e,e,e,e,e,e,e,e,e,e,e,e,e,e,e,e,0
221,Togo,TG,TGO,,4.369,1.42694,e,e,e,e,e,e,e,e,e,e,e,e,e,e,e,e,e,e,e,e,e,e,e,e,e,e,e,e,e,e,e,e,e,e,e,e,e,e,e,e,e,e,e,e,,,,,,,,,,1,,,,,,,,,,,,,,1,,,1,,,,,,,,,,1,,,4,,,,,,,,,,1,,,1,1,,,,,,,,,1,,,0
222,Tokelau,TK,TKL,,#N/A,#N/A,e,e,e,e,e,e,e,e,e,e,e,e,e,e,e,e,e,e,e,e,e,e,e,e,e,e,e,e,e,e,e,e,e,e,e,e,e,e,e,e,e,e,e,e,e,e,e,e,e,e,e,e,e,e,e,e,e,e,e,e,e,e,e,e,e,e,e,e,e,e,e,e,e,e,e,e,e,e,e,e,e,e,e,e,e,e,e,e,e,e,e,e,e,e,e,e,e,e,e,e,e,e,e,e,e,e,e,e,e,0
223,Tonga,TO,TON,,4.114,,e,e,e,e,e,e,e,e,e,e,e,e,e,e,e,e,e,e,e,e,e,e,e,e,e,e,e,e,e,e,e,e,e,e,e,e,e,e,e,e,e,e,e,e,e,e,e,e,e,e,e,e,e,e,e,e,e,e,e,e,e,e,e,e,e,e,e,e,e,e,e,e,e,e,e,e,e,e,e,e,e,e,e,e,e,e,e,e,e,e,e,e,e,e,e,e,e,e,e,e,e,e,e,e,e,e,e,e,e,0
224,Trinidad and Tobago,TT,TTO,,4.668,6.281492,e,e,e,e,e,e,e,e,e,e,e,e,e,e,e,e,e,e,e,e,,,,,,,1,1,1,,,,,,,,,,1,1,1,,,,1,,,,,,,,1,1,,,,1,,,,,,,,,1,1,,,1,,,,,,,,,1,1,,,1,,,,,,,,,1,1,,,1,1,,,,,,,,1,1,,,0
225,Tunisia,TN,TUN,,5.086,5.187629,,,1,1,,,,,,,,,1,,1,,,,1,,,,,,,,1,,1,,1,,,,1,,,,1,,1,,1,,1,,,1,,,,1,,1,,1,,1,,,1,,,,,1,,1,,4,1,,,1,,,,,1,,1,,4,4,,,1,,,,,1,,1,,1,4,1,,,1,,,,,,1,,1,0
227,Turkmenistan,TM,TKM,,4.659,5.651026,e,e,e,e,e,e,e,e,e,e,e,e,e,e,e,e,e,e,e,e,e,e,e,e,e,e,e,e,e,e,e,e,e,e,e,e,e,e,e,e,e,e,e,e,e,e,e,e,e,e,e,e,e,e,e,e,e,e,e,e,e,e,e,e,e,e,e,e,e,e,e,e,e,e,e,e,e,e,e,e,e,e,e,e,e,e,e,e,e,e,e,e,e,e,e,e,e,e,e,e,e,e,e,e,e,e,e,e,e,0
228,Turks and Caicos Islands,TC,TCA,,#N/A,#N/A,e,e,e,e,e,e,e,e,e,e,e,e,e,e,e,e,e,e,e,e,e,e,e,e,e,e,e,e,e,e,e,e,e,e,e,e,e,e,e,e,e,e,e,e,e,e,e,e,e,e,e,e,e,e,e,e,e,e,e,e,e,e,e,e,e,e,e,e,e,e,e,e,e,e,e,e,e,e,e,e,e,e,e,e,e,e,e,e,e,e,e,e,e,e,e,e,e,e,e,e,e,e,e,e,e,e,e,e,e,0
229,Tuvalu,TV,TUV,,4.268,,e,e,e,e,e,e,e,e,e,e,e,e,e,e,e,e,e,e,e,e,e,e,e,e,e,e,e,e,e,e,e,e,e,e,e,e,e,e,e,e,e,e,e,e,e,e,e,e,e,e,e,e,e,e,e,e,e,e,e,e,e,e,e,e,e,e,e,e,e,e,e,e,e,e,e,e,e,e,e,e,e,e,e,e,e,e,e,e,e,e,e,e,e,e,e,e,e,e,e,e,e,e,e,e,e,e,e,e,e,0
232,United Arab Emirates,AE,ARE,,5.308,5.286927,e,e,e,e,e,e,e,e,e,e,e,e,e,e,e,e,e,e,e,e,e,e,e,e,e,e,e,e,e,e,e,e,,2,,,2,,,,,2,2,2,2,,2,,,2,,,,,2,2,2,2,,2,,,2,2,,,,,2,2,46,,,,,2,,2,,,,2,2,4,,2,36,,2,,36,,,,2,2,1,1,,2,2,,2,,7,,,2,2,0
235,US Minor Outlying Islands,UM,UMI,,#N/A,#N/A,e,e,e,e,e,e,e,e,e,e,e,e,e,e,e,e,e,e,e,e,e,e,e,e,e,e,e,e,e,e,e,e,e,e,e,e,e,e,e,e,e,e,e,e,e,e,e,e,e,e,e,e,e,e,e,e,e,e,e,e,e,e,e,e,e,e,e,e,e,e,e,e,e,e,e,e,e,e,e,e,e,e,e,e,e,e,e,e,e,e,e,e,e,e,e,e,e,e,e,e,e,e,e,e,e,e,e,e,e,0
237,Uzbekistan,UZ,UZB,,4.665,5.522708,e,e,e,e,e,e,e,e,e,e,e,e,e,e,e,e,e,e,e,e,e,e,e,e,e,e,e,e,e,e,e,e,e,e,e,e,e,e,e,e,e,e,e,e,e,e,e,e,e,e,e,e,e,e,e,e,e,,,,,,1,,,,,,,,,,,,,,,1,,,,,,,,,,,,,1,,,,,,,,,,,,,,8,,,,,0
239,Venezuela (Bolivarian Republic),VE,VEN,,5.141,3.83157,e,e,e,e,e,e,e,e,e,e,e,e,e,e,e,e,e,e,e,e,e,e,e,e,e,e,e,e,e,e,e,e,e,e,e,e,e,e,e,e,e,e,e,e,e,e,e,e,e,e,e,e,e,e,e,e,e,e,e,e,e,e,e,e,e,e,e,e,e,e,e,e,e,e,e,e,e,e,e,e,e,e,e,e,e,e,e,e,e,e,e,e,e,e,e,e,e,e,e,e,e,e,e,e,e,e,e,e,e,0
241,"Virgin Islands, US",VI,VIR,,#N/A,#N/A,e,e,e,e,e,e,e,e,e,e,e,e,e,e,e,e,e,e,e,e,e,e,e,e,e,e,e,e,e,e,e,e,e,e,e,e,e,e,e,e,e,e,e,e,e,e,e,e,e,e,e,e,e,e,e,e,e,e,e,e,e,e,e,e,e,e,e,e,e,e,e,e,e,e,e,e,e,e,e,e,e,e,e,e,e,e,e,e,e,e,e,e,e,e,e,e,e,e,e,e,e,e,e,e,e,e,e,e,e,0
242,Wallis and Futuna Islands,WF,WLF,,#N/A,#N/A,e,e,e,e,e,e,e,e,e,e,e,e,e,e,e,e,e,e,e,e,e,e,e,e,e,e,e,e,e,e,e,e,e,e,e,e,e,e,e,e,e,e,e,e,e,e,e,e,e,e,e,e,e,e,e,e,e,e,e,e,e,e,e,e,e,e,e,e,e,e,e,e,e,e,e,e,e,e,e,e,e,e,e,e,e,e,e,e,e,e,e,e,e,e,e,e,e,e,e,e,e,e,e,e,e,e,e,e,e,0
243,Western Sahara,EH,ESH,,5.234,6.371675,e,e,e,e,e,e,e,e,e,e,e,e,e,e,e,e,e,e,e,e,e,e,e,e,e,e,e,e,e,e,e,e,e,e,e,e,e,e,e,e,e,e,e,e,e,e,e,e,e,e,e,e,e,e,e,e,e,e,e,e,e,e,e,e,e,e,e,e,e,e,e,e,e,e,e,e,e,e,e,e,e,e,e,e,e,e,e,e,e,e,e,e,e,e,e,e,e,e,e,e,e,e,e,e,e,e,e,e,e,0
244,Yemen,YE,YEM,,5.711,4.316537,e,e,e,e,e,e,e,e,e,e,e,e,e,e,e,e,e,e,e,e,e,e,e,e,e,e,e,e,e,e,e,e,e,e,e,e,e,e,e,e,e,e,e,e,e,e,e,e,e,e,e,e,e,e,e,e,e,e,e,e,e,e,e,e,e,e,e,e,e,e,e,e,e,e,e,e,e,e,e,e,e,e,e,e,e,e,e,e,e,e,e,e,e,e,e,e,e,e,e,e,e,e,e,e,e,e,e,e,e,0
245,Zambia,ZM,ZMB,,5.013,2.903617,e,e,e,e,e,e,e,e,e,e,,,,,1,,,,,,,,,,,,,,1,,,,,,,1,,,1,,1,,,,,,,,1,,,1,,1,,,,,,,,,,,1,1,,1,,,,,,,,,,,1,,1,,1,,,,,,,,,1,,1,,1,,1,,,,,,,3,,1,,1,0
246,Zimbabwe,ZW,ZWE,,5.13,3.739206,e,e,e,e,e,e,e,e,e,e,e,e,e,e,e,e,e,e,e,e,e,e,e,e,e,e,e,e,e,e,e,e,e,e,e,e,e,e,e,e,e,e,e,e,e,e,e,e,e,e,e,e,e,e,e,e,e,1,,,,,,,4,,,,,,1,,,,1,,,,,,1,,1,1,,,,1,,,,,,1,,1,,1,,,,4,,,,,1,,1,0
247,Dutch Carribean,BQ,BES,,#N/A,#N/A,e,e,e,e,e,e,e,e,e,e,e,e,e,e,e,e,e,e,e,e,e,e,e,e,e,e,e,e,e,e,e,e,e,e,e,e,e,e,e,e,e,e,e,e,e,e,e,e,e,e,e,e,e,e,e,e,e,e,e,e,e,e,e,e,e,e,e,e,e,e,e,e,e,e,e,e,e,e,e,e,e,e,e,e,e,e,e,e,e,e,e,e,e,e,e,e,e,e,e,e,e,e,e,e,e,e,e,e,e,0