country,iso2,iso3,Albanian,Aymara,Bengali,Berber,Greek,Guarani,Hausa,Korean,Romanian,Rwanda-Rundi,Sotho,Swati,Swedish,Tswana,Turkish,Cantonese,English,French,Arabic,Spanish,Portuguese,German,Serbo-Croatian,Italian,Malay based,Russian,Swahili,Chinese,Dutch,Hindustani,Persian,Tamil,Quechua
Afghanistan,AF,AFG,0,0,0,0,0,0,0,0,0,0,0,0,0,0,0,0,0,0,0,0,0,0,0,0,0,0,0,0,0,0,TRUE,0,0
Aland Islands,AX,ALA,0,0,0,0,0,0,0,0,0,0,0,0,0,0,0,0,0,0,0,0,0,0,0,0,0,0,0,0,0,0,0,0,0
Albania,AL,ALB,TRUE,0,0,0,0,0,0,0,0,0,0,0,0,0,0,0,0,0,0,0,0,0,0,0,0,0,0,0,0,0,0,0,0
Algeria,DZ,DZA,0,0,0,TRUE,0,0,0,0,0,0,0,0,0,0,0,0,0,0,TRUE,0,0,0,0,0,0,0,0,0,0,0,0,0,0
American Samoa,AS,ASM,0,0,0,0,0,0,0,0,0,0,0,0,0,0,0,0,0,0,0,0,0,0,0,0,0,0,0,0,0,0,0,0,0
Andorra,AD,AND,0,0,0,0,0,0,0,0,0,0,0,0,0,0,0,0,0,0,0,0,0,0,0,0,0,0,0,0,0,0,0,0,0
Angola,AO,AGO,0,0,0,0,0,0,0,0,0,0,0,0,0,0,0,0,0,0,0,0,TRUE,0,0,0,0,0,0,0,0,0,0,0,0
Anguilla,AI,AIA,0,0,0,0,0,0,0,0,0,0,0,0,0,0,0,0,0,0,0,0,0,0,0,0,0,0,0,0,0,0,0,0,0
Antarctica,AQ,ATA,0,0,0,0,0,0,0,0,0,0,0,0,0,0,0,0,0,0,0,0,0,0,0,0,0,0,0,0,0,0,0,0,0
Antigua and Barbuda,AG,ATG,0,0,0,0,0,0,0,0,0,0,0,0,0,0,0,0,TRUE,0,0,0,0,0,0,0,0,0,0,0,0,0,0,0,0
Argentina,AR,ARG,0,0,0,0,0,0,0,0,0,0,0,0,0,0,0,0,0,0,0,TRUE,0,0,0,0,0,0,0,0,0,0,0,0,0
Armenia,AM,ARM,0,0,0,0,0,0,0,0,0,0,0,0,0,0,0,0,0,0,0,0,0,0,0,0,0,0,0,0,0,0,0,0,0
Aruba,AW,ABW,0,0,0,0,0,0,0,0,0,0,0,0,0,0,0,0,0,0,0,0,0,0,0,0,0,0,0,0,0,0,0,0,0
Australia,AU,AUS,0,0,0,0,0,0,0,0,0,0,0,0,0,0,0,0,TRUE,0,0,0,0,0,0,0,0,0,0,0,0,0,0,0,0
Austria,AT,AUT,0,0,0,0,0,0,0,0,0,0,0,0,0,0,0,0,0,0,0,0,0,TRUE,0,0,0,0,0,0,0,0,0,0,0
Azerbaijan,AZ,AZE,0,0,0,0,0,0,0,0,0,0,0,0,0,0,0,0,0,0,0,0,0,0,0,0,0,0,0,0,0,0,0,0,0
Bahamas,BS,BHS,0,0,0,0,0,0,0,0,0,0,0,0,0,0,0,0,TRUE,0,0,0,0,0,0,0,0,0,0,0,0,0,0,0,0
Bahrain,BH,BHR,0,0,0,0,0,0,0,0,0,0,0,0,0,0,0,0,0,0,TRUE,0,0,0,0,0,0,0,0,0,0,0,0,0,0
Bangladesh,BD,BGD,0,0,TRUE,0,0,0,0,0,0,0,0,0,0,0,0,0,0,0,0,0,0,0,0,0,0,0,0,0,0,0,0,0,0
Barbados,BB,BRB,0,0,0,0,0,0,0,0,0,0,0,0,0,0,0,0,TRUE,0,0,0,0,0,0,0,0,0,0,0,0,0,0,0,0
Belarus,BY,BLR,0,0,0,0,0,0,0,0,0,0,0,0,0,0,0,0,0,0,0,0,0,0,0,0,0,TRUE,0,0,0,0,0,0,0
Belgium,BE,BEL,0,0,0,0,0,0,0,0,0,0,0,0,0,0,0,0,0,TRUE,0,0,0,TRUE,0,0,0,0,0,0,TRUE,0,0,0,0
Belize,BZ,BLZ,0,0,0,0,0,0,0,0,0,0,0,0,0,0,0,0,TRUE,0,0,0,0,0,0,0,0,0,0,0,0,0,0,0,0
Benin,BJ,BEN,0,0,0,0,0,0,0,0,0,0,0,0,0,0,0,0,0,TRUE,0,0,0,0,0,0,0,0,0,0,0,0,0,0,0
Bermuda,BM,BMU,0,0,0,0,0,0,0,0,0,0,0,0,0,0,0,0,0,0,0,0,0,0,0,0,0,0,0,0,0,0,0,0,0
Bhutan,BT,BTN,0,0,0,0,0,0,0,0,0,0,0,0,0,0,0,0,0,0,0,0,0,0,0,0,0,0,0,0,0,0,0,0,0
Bolivia,BO,BOL,0,TRUE,0,0,0,TRUE,0,0,0,0,0,0,0,0,0,0,0,0,0,TRUE,0,0,0,0,0,0,0,0,0,0,0,0,TRUE
Bosnia and Herzegovina,BA,BIH,0,0,0,0,0,0,0,0,0,0,0,0,0,0,0,0,0,0,0,0,0,0,TRUE,0,0,0,0,0,0,0,0,0,0
Botswana,BW,BWA,0,0,0,0,0,0,0,0,0,0,0,0,0,TRUE,0,0,TRUE,0,0,0,0,0,0,0,0,0,0,0,0,0,0,0,0
Bouvet Island,BV,BVT,0,0,0,0,0,0,0,0,0,0,0,0,0,0,0,0,0,0,0,0,0,0,0,0,0,0,0,0,0,0,0,0,0
Brazil,BR,BRA,0,0,0,0,0,0,0,0,0,0,0,0,0,0,0,0,0,0,0,0,TRUE,0,0,0,0,0,0,0,0,0,0,0,0
British Virgin Islands,VG,VGB,0,0,0,0,0,0,0,0,0,0,0,0,0,0,0,0,0,0,0,0,0,0,0,0,0,0,0,0,0,0,0,0,0
British Indian Ocean Territory,IO,IOT,0,0,0,0,0,0,0,0,0,0,0,0,0,0,0,0,0,0,0,0,0,0,0,0,0,0,0,0,0,0,0,0,0
Brunei Darussalam,BN,BRN,0,0,0,0,0,0,0,0,0,0,0,0,0,0,0,0,0,0,0,0,0,0,0,0,TRUE,0,0,0,0,0,0,0,0
Bulgaria,BG,BGR,0,0,0,0,0,0,0,0,0,0,0,0,0,0,0,0,0,0,0,0,0,0,0,0,0,0,0,0,0,0,0,0,0
Burkina Faso,BF,BFA,0,0,0,0,0,0,0,0,0,0,0,0,0,0,0,0,0,TRUE,0,0,0,0,0,0,0,0,0,0,0,0,0,0,0
Burundi,BI,BDI,0,0,0,0,0,0,0,0,0,TRUE,0,0,0,0,0,0,TRUE,TRUE,0,0,0,0,0,0,0,0,0,0,0,0,0,0,0
Cambodia,KH,KHM,0,0,0,0,0,0,0,0,0,0,0,0,0,0,0,0,0,0,0,0,0,0,0,0,0,0,0,0,0,0,0,0,0
Cameroon,CM,CMR,0,0,0,0,0,0,0,0,0,0,0,0,0,0,0,0,TRUE,TRUE,0,0,0,0,0,0,0,0,0,0,0,0,0,0,0
Canada,CA,CAN,0,0,0,0,0,0,0,0,0,0,0,0,0,0,0,0,TRUE,TRUE,0,0,0,0,0,0,0,0,0,0,0,0,0,0,0
Cape Verde,CV,CPV,0,0,0,0,0,0,0,0,0,0,0,0,0,0,0,0,0,0,0,0,TRUE,0,0,0,0,0,0,0,0,0,0,0,0
Cayman Islands,KY,CYM,0,0,0,0,0,0,0,0,0,0,0,0,0,0,0,0,0,0,0,0,0,0,0,0,0,0,0,0,0,0,0,0,0
Central African Republic,CF,CAF,0,0,0,0,0,0,0,0,0,0,0,0,0,0,0,0,0,TRUE,0,0,0,0,0,0,0,0,0,0,0,0,0,0,0
Chad,TD,TCD,0,0,0,0,0,0,0,0,0,0,0,0,0,0,0,0,0,TRUE,TRUE,0,0,0,0,0,0,0,0,0,0,0,0,0,0
Chile,CL,CHL,0,0,0,0,0,0,0,0,0,0,0,0,0,0,0,0,0,0,0,TRUE,0,0,0,0,0,0,0,0,0,0,0,0,0
China,CN,CHN,0,0,0,0,0,0,0,0,0,0,0,0,0,0,0,TRUE,0,0,0,0,0,0,0,0,0,0,0,TRUE,0,0,0,0,0
"Hong Kong, SAR China",HK,HKG,0,0,0,0,0,0,0,0,0,0,0,0,0,0,0,TRUE,0,0,0,0,0,0,0,0,0,0,0,0,0,0,0,0,0
"Macao, SAR China",MO,MAC,0,0,0,0,0,0,0,0,0,0,0,0,0,0,0,TRUE,0,0,0,0,TRUE,0,0,0,0,0,0,0,0,0,0,0,0
Christmas Island,CX,CXR,0,0,0,0,0,0,0,0,0,0,0,0,0,0,0,0,0,0,0,0,0,0,0,0,0,0,0,0,0,0,0,0,0
Cocos (Keeling) Islands,CC,CCK,0,0,0,0,0,0,0,0,0,0,0,0,0,0,0,0,0,0,0,0,0,0,0,0,0,0,0,0,0,0,0,0,0
Colombia,CO,COL,0,0,0,0,0,0,0,0,0,0,0,0,0,0,0,0,0,0,0,TRUE,0,0,0,0,0,0,0,0,0,0,0,0,0
Comoros,KM,COM,0,0,0,0,0,0,0,0,0,0,0,0,0,0,0,0,0,TRUE,TRUE,0,0,0,0,0,0,0,0,0,0,0,0,0,0
Congo (Brazzaville),CG,COG,0,0,0,0,0,0,0,0,0,0,0,0,0,0,0,0,0,TRUE,0,0,0,0,0,0,0,0,0,0,0,0,0,0,0
"Congo, (Kinshasa)",CD,COD,0,0,0,0,0,0,0,0,0,0,0,0,0,0,0,0,0,TRUE,0,0,0,0,0,0,0,0,0,0,0,0,0,0,0
Cook Islands,CK,COK,0,0,0,0,0,0,0,0,0,0,0,0,0,0,0,0,TRUE,0,0,0,0,0,0,0,0,0,0,0,0,0,0,0,0
Costa Rica,CR,CRI,0,0,0,0,0,0,0,0,0,0,0,0,0,0,0,0,0,0,0,TRUE,0,0,0,0,0,0,0,0,0,0,0,0,0
Cote d'Ivoire,CI,CIV,0,0,0,0,0,0,0,0,0,0,0,0,0,0,0,0,0,TRUE,0,0,0,0,0,0,0,0,0,0,0,0,0,0,0
Croatia,HR,HRV,0,0,0,0,0,0,0,0,0,0,0,0,0,0,0,0,0,0,0,0,0,0,TRUE,0,0,0,0,0,0,0,0,0,0
Cuba,CU,CUB,0,0,0,0,0,0,0,0,0,0,0,0,0,0,0,0,0,0,0,TRUE,0,0,0,0,0,0,0,0,0,0,0,0,0
Cyprus,CY,CYP,0,0,0,0,TRUE,0,0,0,0,0,0,0,0,0,TRUE,0,0,0,0,0,0,0,0,0,0,0,0,0,0,0,0,0,0
Czech Republic,CZ,CZE,0,0,0,0,0,0,0,0,0,0,0,0,0,0,0,0,0,0,0,0,0,0,0,0,0,0,0,0,0,0,0,0,0
Denmark,DK,DNK,0,0,0,0,0,0,0,0,0,0,0,0,0,0,0,0,0,0,0,0,0,0,0,0,0,0,0,0,0,0,0,0,0
Djibouti,DJ,DJI,0,0,0,0,0,0,0,0,0,0,0,0,0,0,0,0,0,TRUE,TRUE,0,0,0,0,0,0,0,0,0,0,0,0,0,0
Dominica,DM,DMA,0,0,0,0,0,0,0,0,0,0,0,0,0,0,0,0,TRUE,TRUE,0,0,0,0,0,0,0,0,0,0,0,0,0,0,0
Dominican Republic,DO,DOM,0,0,0,0,0,0,0,0,0,0,0,0,0,0,0,0,0,0,0,TRUE,0,0,0,0,0,0,0,0,0,0,0,0,0
Ecuador,EC,ECU,0,0,0,0,0,0,0,0,0,0,0,0,0,0,0,0,0,0,0,TRUE,0,0,0,0,0,0,0,0,0,0,0,0,TRUE
Egypt,EG,EGY,0,0,0,0,0,0,0,0,0,0,0,0,0,0,0,0,0,0,TRUE,0,0,0,0,0,0,0,0,0,0,0,0,0,0
El Salvador,SV,SLV,0,0,0,0,0,0,0,0,0,0,0,0,0,0,0,0,0,0,0,TRUE,0,0,0,0,0,0,0,0,0,0,0,0,0
Equatorial Guinea,GQ,GNQ,0,0,0,0,0,0,0,0,0,0,0,0,0,0,0,0,0,TRUE,0,TRUE,TRUE,0,0,0,0,0,0,0,0,0,0,0,0
Eritrea,ER,ERI,0,0,0,0,0,0,0,0,0,0,0,0,0,0,0,0,0,0,TRUE,0,0,0,0,0,0,0,0,0,0,0,0,0,0
Estonia,EE,EST,0,0,0,0,0,0,0,0,0,0,0,0,0,0,0,0,0,0,0,0,0,0,0,0,0,0,0,0,0,0,0,0,0
Ethiopia,ET,ETH,0,0,0,0,0,0,0,0,0,0,0,0,0,0,0,0,0,0,0,0,0,0,0,0,0,0,0,0,0,0,0,0,0
Falkland Islands (Malvinas),FK,FLK,0,0,0,0,0,0,0,0,0,0,0,0,0,0,0,0,0,0,0,0,0,0,0,0,0,0,0,0,0,0,0,0,0
Faroe Islands,FO,FRO,0,0,0,0,0,0,0,0,0,0,0,0,0,0,0,0,0,0,0,0,0,0,0,0,0,0,0,0,0,0,0,0,0
Fiji,FJ,FJI,0,0,0,0,0,0,0,0,0,0,0,0,0,0,0,0,TRUE,0,0,0,0,0,0,0,0,0,0,0,0,TRUE,0,0,0
Finland,FI,FIN,0,0,0,0,0,0,0,0,0,0,0,0,TRUE,0,0,0,0,0,0,0,0,0,0,0,0,0,0,0,0,0,0,0,0
France,FR,FRA,0,0,0,0,0,0,0,0,0,0,0,0,0,0,0,0,0,TRUE,0,0,0,0,0,0,0,0,0,0,0,0,0,0,0
French Guiana,GF,GUF,0,0,0,0,0,0,0,0,0,0,0,0,0,0,0,0,0,0,0,0,0,0,0,0,0,0,0,0,0,0,0,0,0
French Polynesia,PF,PYF,0,0,0,0,0,0,0,0,0,0,0,0,0,0,0,0,0,0,0,0,0,0,0,0,0,0,0,0,0,0,0,0,0
French Southern Territories,TF,ATF,0,0,0,0,0,0,0,0,0,0,0,0,0,0,0,0,0,0,0,0,0,0,0,0,0,0,0,0,0,0,0,0,0
Gabon,GA,GAB,0,0,0,0,0,0,0,0,0,0,0,0,0,0,0,0,0,TRUE,0,0,0,0,0,0,0,0,0,0,0,0,0,0,0
Gambia,GM,GMB,0,0,0,0,0,0,0,0,0,0,0,0,0,0,0,0,TRUE,0,0,0,0,0,0,0,0,0,0,0,0,0,0,0,0
Georgia,GE,GEO,0,0,0,0,0,0,0,0,0,0,0,0,0,0,0,0,0,0,0,0,0,0,0,0,0,0,0,0,0,0,0,0,0
Germany,DE,DEU,0,0,0,0,0,0,0,0,0,0,0,0,0,0,0,0,0,0,0,0,0,TRUE,0,0,0,0,0,0,0,0,0,0,0
Ghana,GH,GHA,0,0,0,0,0,0,0,0,0,0,0,0,0,0,0,0,TRUE,0,0,0,0,0,0,0,0,0,0,0,0,0,0,0,0
Gibraltar,GI,GIB,0,0,0,0,0,0,0,0,0,0,0,0,0,0,0,0,0,0,0,0,0,0,0,0,0,0,0,0,0,0,0,0,0
Greece,GR,GRC,0,0,0,0,TRUE,0,0,0,0,0,0,0,0,0,0,0,0,0,0,0,0,0,0,0,0,0,0,0,0,0,0,0,0
Greenland,GL,GRL,0,0,0,0,0,0,0,0,0,0,0,0,0,0,0,0,0,0,0,0,0,0,0,0,0,0,0,0,0,0,0,0,0
Grenada,GD,GRD,0,0,0,0,0,0,0,0,0,0,0,0,0,0,0,0,TRUE,0,0,0,0,0,0,0,0,0,0,0,0,0,0,0,0
Guadeloupe,GP,GLP,0,0,0,0,0,0,0,0,0,0,0,0,0,0,0,0,0,0,0,0,0,0,0,0,0,0,0,0,0,0,0,0,0
Guam,GU,GUM,0,0,0,0,0,0,0,0,0,0,0,0,0,0,0,0,0,0,0,0,0,0,0,0,0,0,0,0,0,0,0,0,0
Guatemala,GT,GTM,0,0,0,0,0,0,0,0,0,0,0,0,0,0,0,0,0,0,0,TRUE,0,0,0,0,0,0,0,0,0,0,0,0,0
Guernsey,GG,GGY,0,0,0,0,0,0,0,0,0,0,0,0,0,0,0,0,0,0,0,0,0,0,0,0,0,0,0,0,0,0,0,0,0
Guinea,GN,GIN,0,0,0,0,0,0,0,0,0,0,0,0,0,0,0,0,0,TRUE,0,0,0,0,0,0,0,0,0,0,0,0,0,0,0
Guinea-Bissau,GW,GNB,0,0,0,0,0,0,0,0,0,0,0,0,0,0,0,0,0,0,0,0,TRUE,0,0,0,0,0,0,0,0,0,0,0,0
Guyana,GY,GUY,0,0,0,0,0,0,0,0,0,0,0,0,0,0,0,0,TRUE,0,0,0,0,0,0,0,0,0,0,0,0,0,0,0,0
Haiti,HT,HTI,0,0,0,0,0,0,0,0,0,0,0,0,0,0,0,0,0,TRUE,0,0,0,0,0,0,0,0,0,0,0,0,0,0,0
Heard and Mcdonald Islands,HM,HMD,0,0,0,0,0,0,0,0,0,0,0,0,0,0,0,0,0,0,0,0,0,0,0,0,0,0,0,0,0,0,0,0,0
Holy See (Vatican City State),VA,VAT,0,0,0,0,0,0,0,0,0,0,0,0,0,0,0,0,0,0,0,0,0,0,0,TRUE,0,0,0,0,0,0,0,0,0
Honduras,HN,HND,0,0,0,0,0,0,0,0,0,0,0,0,0,0,0,0,0,0,0,TRUE,0,0,0,0,0,0,0,0,0,0,0,0,0
Hungary,HU,HUN,0,0,0,0,0,0,0,0,0,0,0,0,0,0,0,0,0,0,0,0,0,0,0,0,0,0,0,0,0,0,0,0,0
Iceland,IS,ISL,0,0,0,0,0,0,0,0,0,0,0,0,0,0,0,0,0,0,0,0,0,0,0,0,0,0,0,0,0,0,0,0,0
India,IN,IND,0,0,TRUE,0,0,0,0,0,0,0,0,0,0,0,0,0,TRUE,0,0,0,0,0,0,0,0,0,0,0,0,TRUE,0,TRUE,0
Indonesia,ID,IDN,0,0,0,0,0,0,0,0,0,0,0,0,0,0,0,0,0,0,0,0,0,0,0,0,TRUE,0,0,0,0,0,0,0,0
"Iran, Islamic Republic of",IR,IRN,0,0,0,0,0,0,0,0,0,0,0,0,0,0,0,0,0,0,0,0,0,0,0,0,0,0,0,0,0,0,TRUE,0,0
Iraq,IQ,IRQ,0,0,0,0,0,0,0,0,0,0,0,0,0,0,0,0,0,0,TRUE,0,0,0,0,0,0,0,0,0,0,0,0,0,0
Ireland,IE,IRL,0,0,0,0,0,0,0,0,0,0,0,0,0,0,0,0,TRUE,0,0,0,0,0,0,0,0,0,0,0,0,0,0,0,0
Isle of Man,IM,IMN,0,0,0,0,0,0,0,0,0,0,0,0,0,0,0,0,0,0,0,0,0,0,0,0,0,0,0,0,0,0,0,0,0
Israel,IL,ISR,0,0,0,0,0,0,0,0,0,0,0,0,0,0,0,0,0,0,0,0,0,0,0,0,0,0,0,0,0,0,0,0,0
Italy,IT,ITA,0,0,0,0,0,0,0,0,0,0,0,0,0,0,0,0,0,0,0,0,0,0,0,TRUE,0,0,0,0,0,0,0,0,0
Jamaica,JM,JAM,0,0,0,0,0,0,0,0,0,0,0,0,0,0,0,0,TRUE,0,0,0,0,0,0,0,0,0,0,0,0,0,0,0,0
Japan,JP,JPN,0,0,0,0,0,0,0,0,0,0,0,0,0,0,0,0,0,0,0,0,0,0,0,0,0,0,0,0,0,0,0,0,0
Jersey,JE,JEY,0,0,0,0,0,0,0,0,0,0,0,0,0,0,0,0,0,0,0,0,0,0,0,0,0,0,0,0,0,0,0,0,0
Jordan,JO,JOR,0,0,0,0,0,0,0,0,0,0,0,0,0,0,0,0,0,0,TRUE,0,0,0,0,0,0,0,0,0,0,0,0,0,0
Kazakhstan,KZ,KAZ,0,0,0,0,0,0,0,0,0,0,0,0,0,0,0,0,0,0,0,0,0,0,0,0,0,TRUE,0,0,0,0,0,0,0
Kenya,KE,KEN,0,0,0,0,0,0,0,0,0,0,0,0,0,0,0,0,TRUE,0,0,0,0,0,0,0,0,0,TRUE,0,0,0,0,0,0
Kiribati,KI,KIR,0,0,0,0,0,0,0,0,0,0,0,0,0,0,0,0,TRUE,0,0,0,0,0,0,0,0,0,0,0,0,0,0,0,0
Korea (North),KP,PRK,0,0,0,0,0,0,0,TRUE,0,0,0,0,0,0,0,0,0,0,0,0,0,0,0,0,0,0,0,0,0,0,0,0,0
Korea (South),KR,KOR,0,0,0,0,0,0,0,TRUE,0,0,0,0,0,0,0,0,0,0,0,0,0,0,0,0,0,0,0,0,0,0,0,0,0
Kuwait,KW,KWT,0,0,0,0,0,0,0,0,0,0,0,0,0,0,0,0,0,0,TRUE,0,0,0,0,0,0,0,0,0,0,0,0,0,0
Kyrgyzstan,KG,KGZ,0,0,0,0,0,0,0,0,0,0,0,0,0,0,0,0,0,0,0,0,0,0,0,0,0,TRUE,0,0,0,0,0,0,0
Lao PDR,LA,LAO,0,0,0,0,0,0,0,0,0,0,0,0,0,0,0,0,0,0,0,0,0,0,0,0,0,0,0,0,0,0,0,0,0
Latvia,LV,LVA,0,0,0,0,0,0,0,0,0,0,0,0,0,0,0,0,0,0,0,0,0,0,0,0,0,0,0,0,0,0,0,0,0
Lebanon,LB,LBN,0,0,0,0,0,0,0,0,0,0,0,0,0,0,0,0,0,0,TRUE,0,0,0,0,0,0,0,0,0,0,0,0,0,0
Lesotho,LS,LSO,0,0,0,0,0,0,0,0,0,0,TRUE,0,0,0,0,0,TRUE,0,0,0,0,0,0,0,0,0,0,0,0,0,0,0,0
Liberia,LR,LBR,0,0,0,0,0,0,0,0,0,0,0,0,0,0,0,0,TRUE,0,0,0,0,0,0,0,0,0,0,0,0,0,0,0,0
Libya,LY,LBY,0,0,0,0,0,0,0,0,0,0,0,0,0,0,0,0,0,0,TRUE,0,0,0,0,0,0,0,0,0,0,0,0,0,0
Liechtenstein,LI,LIE,0,0,0,0,0,0,0,0,0,0,0,0,0,0,0,0,0,0,0,0,0,TRUE,0,0,0,0,0,0,0,0,0,0,0
Lithuania,LT,LTU,0,0,0,0,0,0,0,0,0,0,0,0,0,0,0,0,0,0,0,0,0,0,0,0,0,0,0,0,0,0,0,0,0
Luxembourg,LU,LUX,0,0,0,0,0,0,0,0,0,0,0,0,0,0,0,0,0,TRUE,0,0,0,TRUE,0,0,0,0,0,0,0,0,0,0,0
"Macedonia, Republic of",MK,MKD,0,0,0,0,0,0,0,0,0,0,0,0,0,0,0,0,0,0,0,0,0,0,0,0,0,0,0,0,0,0,0,0,0
Madagascar,MG,MDG,0,0,0,0,0,0,0,0,0,0,0,0,0,0,0,0,0,TRUE,0,0,0,0,0,0,0,0,0,0,0,0,0,0,0
Malawi,MW,MWI,0,0,0,0,0,0,0,0,0,0,0,0,0,0,0,0,TRUE,0,0,0,0,0,0,0,0,0,0,0,0,0,0,0,0
Malaysia,MY,MYS,0,0,0,0,0,0,0,0,0,0,0,0,0,0,0,0,0,0,0,0,0,0,0,0,TRUE,0,0,0,0,0,0,0,0
Maldives,MV,MDV,0,0,0,0,0,0,0,0,0,0,0,0,0,0,0,0,0,0,0,0,0,0,0,0,0,0,0,0,0,0,0,0,0
Mali,ML,MLI,0,0,0,0,0,0,0,0,0,0,0,0,0,0,0,0,0,TRUE,0,0,0,0,0,0,0,0,0,0,0,0,0,0,0
Malta,MT,MLT,0,0,0,0,0,0,0,0,0,0,0,0,0,0,0,0,TRUE,0,0,0,0,0,0,0,0,0,0,0,0,0,0,0,0
Marshall Islands,MH,MHL,0,0,0,0,0,0,0,0,0,0,0,0,0,0,0,0,TRUE,0,0,0,0,0,0,0,0,0,0,0,0,0,0,0,0
Martinique,MQ,MTQ,0,0,0,0,0,0,0,0,0,0,0,0,0,0,0,0,0,0,0,0,0,0,0,0,0,0,0,0,0,0,0,0,0
Mauritania,MR,MRT,0,0,0,0,0,0,0,0,0,0,0,0,0,0,0,0,0,0,TRUE,0,0,0,0,0,0,0,0,0,0,0,0,0,0
Mauritius,MU,MUS,0,0,0,0,0,0,0,0,0,0,0,0,0,0,0,0,TRUE,0,0,0,0,0,0,0,0,0,0,0,0,0,0,0,0
Mayotte,YT,MYT,0,0,0,0,0,0,0,0,0,0,0,0,0,0,0,0,0,0,0,0,0,0,0,0,0,0,0,0,0,0,0,0,0
Mexico,MX,MEX,0,0,0,0,0,0,0,0,0,0,0,0,0,0,0,0,0,0,0,TRUE,0,0,0,0,0,0,0,0,0,0,0,0,0
"Micronesia, Federated States of",FM,FSM,0,0,0,0,0,0,0,0,0,0,0,0,0,0,0,0,TRUE,0,0,0,0,0,0,0,0,0,0,0,0,0,0,0,0
Moldova,MD,MDA,0,0,0,0,0,0,0,0,TRUE,0,0,0,0,0,0,0,0,0,0,0,0,0,0,0,0,0,0,0,0,0,0,0,0
Monaco,MC,MCO,0,0,0,0,0,0,0,0,0,0,0,0,0,0,0,0,0,TRUE,0,0,0,0,0,0,0,0,0,0,0,0,0,0,0
Mongolia,MN,MNG,0,0,0,0,0,0,0,0,0,0,0,0,0,0,0,0,0,0,0,0,0,0,0,0,0,0,0,0,0,0,0,0,0
Montenegro,ME,MNE,0,0,0,0,0,0,0,0,0,0,0,0,0,0,0,0,0,0,0,0,0,0,TRUE,0,0,0,0,0,0,0,0,0,0
Montserrat,MS,MSR,0,0,0,0,0,0,0,0,0,0,0,0,0,0,0,0,0,0,0,0,0,0,0,0,0,0,0,0,0,0,0,0,0
Morocco,MA,MAR,0,0,0,TRUE,0,0,0,0,0,0,0,0,0,0,0,0,0,0,TRUE,0,0,0,0,0,0,0,0,0,0,0,0,0,0
Mozambique,MZ,MOZ,0,0,0,0,0,0,0,0,0,0,0,0,0,0,0,0,0,0,0,0,TRUE,0,0,0,0,0,0,0,0,0,0,0,0
Myanmar,MM,MMR,0,0,0,0,0,0,0,0,0,0,0,0,0,0,0,0,0,0,0,0,0,0,0,0,0,0,0,0,0,0,0,0,0
Namibia,NA,NAM,0,0,0,0,0,0,0,0,0,0,0,0,0,0,0,0,TRUE,0,0,0,0,0,0,0,0,0,0,0,0,0,0,0,0
Nauru,NR,NRU,0,0,0,0,0,0,0,0,0,0,0,0,0,0,0,0,TRUE,0,0,0,0,0,0,0,0,0,0,0,0,0,0,0,0
Nepal,NP,NPL,0,0,0,0,0,0,0,0,0,0,0,0,0,0,0,0,TRUE,0,0,0,0,0,0,0,0,0,0,0,0,0,0,0,0
Netherlands,NL,NLD,0,0,0,0,0,0,0,0,0,0,0,0,0,0,0,0,0,0,0,0,0,0,0,0,0,0,0,0,TRUE,0,0,0,0
Netherlands Antilles,AN,ANT,0,0,0,0,0,0,0,0,0,0,0,0,0,0,0,0,0,0,0,0,0,0,0,0,0,0,0,0,0,0,0,0,0
New Caledonia,NC,NCL,0,0,0,0,0,0,0,0,0,0,0,0,0,0,0,0,0,0,0,0,0,0,0,0,0,0,0,0,0,0,0,0,0
New Zealand,NZ,NZL,0,0,0,0,0,0,0,0,0,0,0,0,0,0,0,0,TRUE,0,0,0,0,0,0,0,0,0,0,0,0,0,0,0,0
Nicaragua,NI,NIC,0,0,0,0,0,0,0,0,0,0,0,0,0,0,0,0,0,0,0,TRUE,0,0,0,0,0,0,0,0,0,0,0,0,0
Niger,NE,NER,0,0,0,0,0,0,TRUE,0,0,0,0,0,0,0,0,0,0,TRUE,0,0,0,0,0,0,0,0,0,0,0,0,0,0,0
Nigeria,NG,NGA,0,0,0,0,0,0,TRUE,0,0,0,0,0,0,0,0,0,TRUE,0,0,0,0,0,0,0,0,0,0,0,0,0,0,0,0
Niue,NU,NIU,0,0,0,0,0,0,0,0,0,0,0,0,0,0,0,0,TRUE,0,0,0,0,0,0,0,0,0,0,0,0,0,0,0,0
Norfolk Island,NF,NFK,0,0,0,0,0,0,0,0,0,0,0,0,0,0,0,0,0,0,0,0,0,0,0,0,0,0,0,0,0,0,0,0,0
Northern Mariana Islands,MP,MNP,0,0,0,0,0,0,0,0,0,0,0,0,0,0,0,0,0,0,0,0,0,0,0,0,0,0,0,0,0,0,0,0,0
Norway,NO,NOR,0,0,0,0,0,0,0,0,0,0,0,0,0,0,0,0,0,0,0,0,0,0,0,0,0,0,0,0,0,0,0,0,0
Oman,OM,OMN,0,0,0,0,0,0,0,0,0,0,0,0,0,0,0,0,0,0,TRUE,0,0,0,0,0,0,0,0,0,0,0,0,0,0
Pakistan,PK,PAK,0,0,0,0,0,0,0,0,0,0,0,0,0,0,0,0,TRUE,0,0,0,0,0,0,0,0,0,0,0,0,TRUE,0,0,0
Palau,PW,PLW,0,0,0,0,0,0,0,0,0,0,0,0,0,0,0,0,TRUE,0,0,0,0,0,0,0,0,0,0,0,0,0,0,0,0
Palestinian Territory,PS,PSE,0,0,0,0,0,0,0,0,0,0,0,0,0,0,0,0,0,0,TRUE,0,0,0,0,0,0,0,0,0,0,0,0,0,0
Panama,PA,PAN,0,0,0,0,0,0,0,0,0,0,0,0,0,0,0,0,0,0,0,TRUE,0,0,0,0,0,0,0,0,0,0,0,0,0
Papua New Guinea,PG,PNG,0,0,0,0,0,0,0,0,0,0,0,0,0,0,0,0,TRUE,0,0,0,0,0,0,0,0,0,0,0,0,0,0,0,0
Paraguay,PY,PRY,0,0,0,0,0,TRUE,0,0,0,0,0,0,0,0,0,0,0,0,0,TRUE,0,0,0,0,0,0,0,0,0,0,0,0,0
Peru,PE,PER,0,TRUE,0,0,0,0,0,0,0,0,0,0,0,0,0,0,0,0,0,TRUE,0,0,0,0,0,0,0,0,0,0,0,0,TRUE
Philippines,PH,PHL,0,0,0,0,0,0,0,0,0,0,0,0,0,0,0,0,TRUE,0,0,0,0,0,0,0,0,0,0,0,0,0,0,0,0
Pitcairn,PN,PCN,0,0,0,0,0,0,0,0,0,0,0,0,0,0,0,0,0,0,0,0,0,0,0,0,0,0,0,0,0,0,0,0,0
Poland,PL,POL,0,0,0,0,0,0,0,0,0,0,0,0,0,0,0,0,0,0,0,0,0,0,0,0,0,0,0,0,0,0,0,0,0
Portugal,PT,PRT,0,0,0,0,0,0,0,0,0,0,0,0,0,0,0,0,0,0,0,0,TRUE,0,0,0,0,0,0,0,0,0,0,0,0
Puerto Rico,PR,PRI,0,0,0,0,0,0,0,0,0,0,0,0,0,0,0,0,0,0,0,TRUE,0,0,0,0,0,0,0,0,0,0,0,0,0
Qatar,QA,QAT,0,0,0,0,0,0,0,0,0,0,0,0,0,0,0,0,0,0,TRUE,0,0,0,0,0,0,0,0,0,0,0,0,0,0
RÃ©union,RE,REU,0,0,0,0,0,0,0,0,0,0,0,0,0,0,0,0,0,0,0,0,0,0,0,0,0,0,0,0,0,0,0,0,0
Romania,RO,ROU,0,0,0,0,0,0,0,0,TRUE,0,0,0,0,0,0,0,0,0,0,0,0,0,0,0,0,0,0,0,0,0,0,0,0
Russian Federation,RU,RUS,0,0,0,0,0,0,0,0,0,0,0,0,0,0,0,0,0,0,0,0,0,0,0,0,0,TRUE,0,0,0,0,0,0,0
Rwanda,RW,RWA,0,0,0,0,0,0,0,0,0,TRUE,0,0,0,0,0,0,TRUE,TRUE,0,0,0,0,0,0,0,0,TRUE,0,0,0,0,0,0
Saint-BarthÃ©lemy,BL,BLM,0,0,0,0,0,0,0,0,0,0,0,0,0,0,0,0,0,0,0,0,0,0,0,0,0,0,0,0,0,0,0,0,0
Saint Helena,SH,SHN,0,0,0,0,0,0,0,0,0,0,0,0,0,0,0,0,0,0,0,0,0,0,0,0,0,0,0,0,0,0,0,0,0
Saint Kitts and Nevis,KN,KNA,0,0,0,0,0,0,0,0,0,0,0,0,0,0,0,0,TRUE,0,0,0,0,0,0,0,0,0,0,0,0,0,0,0,0
Saint Lucia,LC,LCA,0,0,0,0,0,0,0,0,0,0,0,0,0,0,0,0,TRUE,TRUE,0,0,0,0,0,0,0,0,0,0,0,0,0,0,0
Saint-Martin (French part),MF,MAF,0,0,0,0,0,0,0,0,0,0,0,0,0,0,0,0,0,0,0,0,0,0,0,0,0,0,0,0,0,0,0,0,0
Saint Pierre and Miquelon,PM,SPM,0,0,0,0,0,0,0,0,0,0,0,0,0,0,0,0,0,0,0,0,0,0,0,0,0,0,0,0,0,0,0,0,0
Saint Vincent and Grenadines,VC,VCT,0,0,0,0,0,0,0,0,0,0,0,0,0,0,0,0,TRUE,0,0,0,0,0,0,0,0,0,0,0,0,0,0,0,0
Samoa,WS,WSM,0,0,0,0,0,0,0,0,0,0,0,0,0,0,0,0,TRUE,0,0,0,0,0,0,0,0,0,0,0,0,0,0,0,0
San Marino,SM,SMR,0,0,0,0,0,0,0,0,0,0,0,0,0,0,0,0,0,0,0,0,0,0,0,TRUE,0,0,0,0,0,0,0,0,0
Sao Tome and Principe,ST,STP,0,0,0,0,0,0,0,0,0,0,0,0,0,0,0,0,0,0,0,0,TRUE,0,0,0,0,0,0,0,0,0,0,0,0
Saudi Arabia,SA,SAU,0,0,0,0,0,0,0,0,0,0,0,0,0,0,0,0,0,0,TRUE,0,0,0,0,0,0,0,0,0,0,0,0,0,0
Senegal,SN,SEN,0,0,0,0,0,0,0,0,0,0,0,0,0,0,0,0,0,TRUE,0,0,0,0,0,0,0,0,0,0,0,0,0,0,0
Serbia,RS,SRB,0,0,0,0,0,0,0,0,0,0,0,0,0,0,0,0,0,0,0,0,0,0,TRUE,0,0,0,0,0,0,0,0,0,0
Seychelles,SC,SYC,0,0,0,0,0,0,0,0,0,0,0,0,0,0,0,0,TRUE,TRUE,0,0,0,0,0,0,0,0,0,0,0,0,0,0,0
Sierra Leone,SL,SLE,0,0,0,0,0,0,0,0,0,0,0,0,0,0,0,0,TRUE,0,0,0,0,0,0,0,0,0,0,0,0,0,0,0,0
Singapore,SG,SGP,0,0,0,0,0,0,0,0,0,0,0,0,0,0,0,0,TRUE,0,0,0,0,0,0,0,TRUE,0,0,TRUE,0,0,0,TRUE,0
Slovakia,SK,SVK,0,0,0,0,0,0,0,0,0,0,0,0,0,0,0,0,0,0,0,0,0,0,0,0,0,0,0,0,0,0,0,0,0
Slovenia,SI,SVN,0,0,0,0,0,0,0,0,0,0,0,0,0,0,0,0,0,0,0,0,0,0,0,0,0,0,0,0,0,0,0,0,0
Solomon Islands,SB,SLB,0,0,0,0,0,0,0,0,0,0,0,0,0,0,0,0,TRUE,0,0,0,0,0,0,0,0,0,0,0,0,0,0,0,0
Somalia,SO,SOM,0,0,0,0,0,0,0,0,0,0,0,0,0,0,0,0,0,0,TRUE,0,0,0,0,0,0,0,0,0,0,0,0,0,0
South Africa,ZA,ZAF,0,0,0,0,0,0,0,0,0,0,TRUE,TRUE,0,TRUE,0,0,TRUE,0,0,0,0,0,0,0,0,0,0,0,0,0,0,0,0
South Georgia and the South Sandwich Islands,GS,SGS,0,0,0,0,0,0,0,0,0,0,0,0,0,0,0,0,0,0,0,0,0,0,0,0,0,0,0,0,0,0,0,0,0
South Sudan,SS,SSD,0,0,0,0,0,0,0,0,0,0,0,0,0,0,0,0,TRUE,0,0,0,0,0,0,0,0,0,0,0,0,0,0,0,0
Spain,ES,ESP,0,0,0,0,0,0,0,0,0,0,0,0,0,0,0,0,0,0,0,TRUE,0,0,0,0,0,0,0,0,0,0,0,0,0
Sri Lanka,LK,LKA,0,0,0,0,0,0,0,0,0,0,0,0,0,0,0,0,0,0,0,0,0,0,0,0,0,0,0,0,0,0,0,TRUE,0
Sudan,SD,SDN,0,0,0,0,0,0,0,0,0,0,0,0,0,0,0,0,TRUE,0,TRUE,0,0,0,0,0,0,0,0,0,0,0,0,0,0
Suriname,SR,SUR,0,0,0,0,0,0,0,0,0,0,0,0,0,0,0,0,0,0,0,0,0,0,0,0,0,0,0,0,TRUE,0,0,0,0
Svalbard and Jan Mayen Islands,SJ,SJM,0,0,0,0,0,0,0,0,0,0,0,0,0,0,0,0,0,0,0,0,0,0,0,0,0,0,0,0,0,0,0,0,0
Swaziland,SZ,SWZ,0,0,0,0,0,0,0,0,0,0,0,TRUE,0,0,0,0,TRUE,0,0,0,0,0,0,0,0,0,0,0,0,0,0,0,0
Sweden,SE,SWE,0,0,0,0,0,0,0,0,0,0,0,0,TRUE,0,0,0,0,0,0,0,0,0,0,0,0,0,0,0,0,0,0,0,0
Switzerland,CH,CHE,0,0,0,0,0,0,0,0,0,0,0,0,0,0,0,0,0,TRUE,0,0,0,TRUE,0,TRUE,0,0,0,0,0,0,0,0,0
Syrian Arab Republic (Syria),SY,SYR,0,0,0,0,0,0,0,0,0,0,0,0,0,0,0,0,0,0,TRUE,0,0,0,0,0,0,0,0,0,0,0,0,0,0
"Taiwan, Republic of China",TW,TWN,0,0,0,0,0,0,0,0,0,0,0,0,0,0,0,0,0,0,0,0,0,0,0,0,0,0,0,TRUE,0,0,0,0,0
Tajikistan,TJ,TJK,0,0,0,0,0,0,0,0,0,0,0,0,0,0,0,0,0,0,0,0,0,0,0,0,0,0,0,0,0,0,TRUE,0,0
"Tanzania, United Republic of",TZ,TZA,0,0,0,0,0,0,0,0,0,0,0,0,0,0,0,0,TRUE,0,TRUE,0,0,0,0,0,0,0,TRUE,0,0,0,0,0,0
Thailand,TH,THA,0,0,0,0,0,0,0,0,0,0,0,0,0,0,0,0,0,0,0,0,0,0,0,0,TRUE,0,0,0,0,0,0,0,0
Timor-Leste,TL,TLS,0,0,0,0,0,0,0,0,0,0,0,0,0,0,0,0,0,0,0,0,TRUE,0,0,0,0,0,0,0,0,0,0,0,0
Togo,TG,TGO,0,0,0,0,0,0,0,0,0,0,0,0,0,0,0,0,0,TRUE,0,0,0,0,0,0,0,0,0,0,0,0,0,0,0
Tokelau,TK,TKL,0,0,0,0,0,0,0,0,0,0,0,0,0,0,0,0,0,0,0,0,0,0,0,0,0,0,0,0,0,0,0,0,0
Tonga,TO,TON,0,0,0,0,0,0,0,0,0,0,0,0,0,0,0,0,TRUE,0,0,0,0,0,0,0,0,0,0,0,0,0,0,0,0
Trinidad and Tobago,TT,TTO,0,0,0,0,0,0,0,0,0,0,0,0,0,0,0,0,TRUE,0,0,0,0,0,0,0,0,0,0,0,0,0,0,0,0
Tunisia,TN,TUN,0,0,0,0,0,0,0,0,0,0,0,0,0,0,0,0,0,0,TRUE,0,0,0,0,0,0,0,0,0,0,0,0,0,0
Turkey,TR,TUR,0,0,0,0,0,0,0,0,0,0,0,0,0,0,TRUE,0,0,0,0,0,0,0,0,0,0,0,0,0,0,0,0,0,0
Turkmenistan,TM,TKM,0,0,0,0,0,0,0,0,0,0,0,0,0,0,0,0,0,0,0,0,0,0,0,0,0,0,0,0,0,0,0,0,0
Turks and Caicos Islands,TC,TCA,0,0,0,0,0,0,0,0,0,0,0,0,0,0,0,0,0,0,0,0,0,0,0,0,0,0,0,0,0,0,0,0,0
Tuvalu,TV,TUV,0,0,0,0,0,0,0,0,0,0,0,0,0,0,0,0,TRUE,0,0,0,0,0,0,0,0,0,0,0,0,0,0,0,0
Uganda,UG,UGA,0,0,0,0,0,0,0,0,0,0,0,0,0,0,0,0,TRUE,0,0,0,0,0,0,0,0,0,TRUE,0,0,0,0,0,0
Ukraine,UA,UKR,0,0,0,0,0,0,0,0,0,0,0,0,0,0,0,0,0,0,0,0,0,0,0,0,0,0,0,0,0,0,0,0,0
United Arab Emirates,AE,ARE,0,0,0,0,0,0,0,0,0,0,0,0,0,0,0,0,0,0,TRUE,0,0,0,0,0,0,0,0,0,0,0,0,0,0
United Kingdom,GB,GBR,0,0,0,0,0,0,0,0,0,0,0,0,0,0,0,0,TRUE,0,0,0,0,0,0,0,0,0,0,0,0,0,0,0,0
United States of America,US,USA,0,0,0,0,0,0,0,0,0,0,0,0,0,0,0,0,TRUE,0,0,0,0,0,0,0,0,0,0,0,0,0,0,0,0
US Minor Outlying Islands,UM,UMI,0,0,0,0,0,0,0,0,0,0,0,0,0,0,0,0,0,0,0,0,0,0,0,0,0,0,0,0,0,0,0,0,0
Uruguay,UY,URY,0,0,0,0,0,0,0,0,0,0,0,0,0,0,0,0,0,0,0,TRUE,0,0,0,0,0,0,0,0,0,0,0,0,0
Uzbekistan,UZ,UZB,0,0,0,0,0,0,0,0,0,0,0,0,0,0,0,0,0,0,0,0,0,0,0,0,0,0,0,0,0,0,0,0,0
Vanuatu,VU,VUT,0,0,0,0,0,0,0,0,0,0,0,0,0,0,0,0,TRUE,TRUE,0,0,0,0,0,0,0,0,0,0,0,0,0,0,0
Venezuela (Bolivarian Republic),VE,VEN,0,0,0,0,0,0,0,0,0,0,0,0,0,0,0,0,0,0,0,TRUE,0,0,0,0,0,0,0,0,0,0,0,0,0
Viet Nam,VN,VNM,0,0,0,0,0,0,0,0,0,0,0,0,0,0,0,0,0,0,0,0,0,0,0,0,0,0,0,0,0,0,0,0,0
"Virgin Islands, US",VI,VIR,0,0,0,0,0,0,0,0,0,0,0,0,0,0,0,0,0,0,0,0,0,0,0,0,0,0,0,0,0,0,0,0,0
Wallis and Futuna Islands,WF,WLF,0,0,0,0,0,0,0,0,0,0,0,0,0,0,0,0,0,0,0,0,0,0,0,0,0,0,0,0,0,0,0,0,0
Western Sahara,EH,ESH,0,0,0,0,0,0,0,0,0,0,0,0,0,0,0,0,0,0,0,0,0,0,0,0,0,0,0,0,0,0,0,0,0
Yemen,YE,YEM,0,0,0,0,0,0,0,0,0,0,0,0,0,0,0,0,0,0,TRUE,0,0,0,0,0,0,0,0,0,0,0,0,0,0
Zambia,ZM,ZMB,0,0,0,0,0,0,0,0,0,0,0,0,0,0,0,0,TRUE,0,0,0,0,0,0,0,0,0,0,0,0,0,0,0,0
Zimbabwe,ZW,ZWE,0,0,0,0,0,0,0,0,0,0,0,0,0,0,0,0,TRUE,0,0,0,0,0,0,0,0,0,0,0,0,0,0,0,0
Dutch Carribean,BQ,BES,0,0,0,0,0,0,0,0,0,0,0,0,0,0,0,0,0,0,0,0,0,0,0,0,0,0,0,0,0,0,0,0,0
Kosovo,XK,XKX,TRUE,0,0,0,0,0,0,0,0,0,0,0,0,0,0,0,0,0,0,0,0,0,TRUE,0,0,0,0,0,0,0,0,0,0
