,unit,plant,company,mw,status,year,utype,fuel,fueltype,altfuel,sssmfr,boiltype,turbmfr,turbtype,genmfr,gentype,sflow,spress,stype,stemp,reheat1,reheat2,partctl,partmfr,so2ctl,fgdmfr,noxctl,noxmfr,ae,construct,cool,retire,city,state,country,area,subregion,postcode,parent,electype,bustype,compid,locationid,unitid,retirement_age,mw_from,mw_to,fuel_id,fueltype_adj,utype_adj,status_adj,current_age,year_adj,current_age_adj,retirement_age_adj,sim_lifetime,median_lifetime,age_rank,age_obs,age_percentile,retire_adj,retire_exp,retire_sim,lifetime_final,unique_id,em_fact,heat_rate,gen_eff,max_cap,max_em
0,HIMEJI CITY 1,HIMEJI CITY,HIMEJI CITY,1.20000004768,OPR,1990.0,ST,.,.,,,,MHI,SC,,,,18.0,SUBCR,245.0,,,N/A,N/A,N/A,N/A,N/A,N/A,,,,,Himeji-shi,Hyogo,JAPAN,ASIA,ASIA,,HIMEJI CITY,A,GOVT: REG,1010729,1018464,1119413,,0,400,.,.,ST,Operating,26.0,1990.0,26.0,,15.0,17.0,322.5,1005.0,32.089553833,2019.0,2007.0,2005.0,29.0,.,197.682693481,10621.8896484,0.95329272747,10512000.0,10021.0126953
1552,NAKORN SAWAN RICE MILL IC 1,NAKORN SAWAN RICE MILL,NAKORN SAWAN RICE MILL,0.20000000298,OPR,2007.0,IC,AGAS,.,,N/A,N/A,HONGYAN,,,,,,.,,,,N/A,N/A,N/A,N/A,,,,,N/A,,.,Nakhon Sawan,THAILAND,ASIA,ASIA,,NAKORN SAWAN RICE MILL,A,COMM: AGRICULTURE,1043332,1092947,1194870,,0,400,AGAS+.,.,IC,Operating,9.0,2007.0,9.0,,1.0,0.0,9.0,10.0,90.0,2025.0,2007.0,2008.0,18.0,.,0.0,10212.0380859,0.0,1752000.0,0.0
1570,KREBET BARU SUGAR 2,KREBET BARU SUGAR,KREBET BARU SUGAR MILL,1.5,OPR,1975.0,ST,BAG,.,,,,PETER,,,,,16.0,SUBCR,327.0,,,,,,,,,A&WSMITH,,,,Malang,East Java,INDONESIA,ASIA,ASIA,,KREBET BARU SUGAR MILL,A,COMM: SUGAR MILL/PLANT,1011993,1021382,1126498,,0,400,BAG+.,.,ST,Operating,41.0,1975.0,41.0,,23.0,32.0,1124.5,1254.0,89.6730499268,2024.0,2007.0,1998.0,49.0,.,0.3,11125.2568359,0.00151525996625,13140000.0,19.9105167389
3125,AVILES SIDERGAS IC 04,AVILES SIDERGAS,HC ENERGIA,1.62000000477,OPR,2004.0,IC/H,BFG,.,COG,N/A,N/A,JENBACH,620JMSGSSL,LS,,,,.,,,,N/A,N/A,N/A,N/A,,,INGEMAS,INGEMAS,N/A,,Aviles,Asturias,SPAIN,EUROPE,EU,,EDP ENERGIAS DE PORTUGAL SA,U,UTIL: IOU,1003127,1041577,1193515,,0,400,BFG+.,.,IC,Operating,12.0,2004.0,12.0,,5.0,3.0,10.5,16.0,65.625,2022.0,2007.0,2009.0,18.0,.,604.7,10168.3330078,2.79155111313,14191200.0,39615.4609375
3489,CARR FARM IC 1,CARR FARM,FARMGEN LTD,0.800000011921,OPR,2010.0,IC/H,BGAS,.,,N/A,N/A,MWM,TCG2016CV16,,,,,.,,,,N/A,N/A,N/A,N/A,,,HAASE,HAASE,N/A,,Warton nr Preston,Lancashire,ENGLAND & WALES,EUROPE,EU,,GREENGEN GROUP,P,SVCS: PRIV PWR DEV/PROD,1040460,1085718,1232371,,0,400,BGAS+.,.,IC,Operating,6.0,2010.0,6.0,,27.0,34.0,501.5,1653.0,30.3387775421,2037.0,2044.0,2037.0,27.0,.,127.0,10180.7119141,0.586999475956,7008000.0,4113.69238281
5437,TSG THUNGSUNG GREEN 1,TSG THUNGSUNG GREEN,TPC POWER HOLDING PLC,9.5,OPR,2016.0,ST,BIOMASS,.,,BIB,,SHINKO,,SHINKO,,,,SUBCR,,,,,,,,,,BIB/LAWI,THAIPOLY,,,Thung Yai Tungsung,Nakhon Si Thammarat,THAILAND,ASIA,ASIA,,THAI POLYCONS PCL,P,SVCS: PRIV PWR DEV/PROD,1046459,1101050,1258209,,0,400,BIOMASS+.,.,ST,Operating,0.0,2016.0,0.0,,32.0,34.0,3.0,595.0,0.504201710224,2048.0,2050.0,2048.0,32.0,.,119.2,9648.93945312,0.522169709206,83220000.0,43454.9648438
6377,SILOPI PARK 3,SILOPI PARK,PARK ENERJI,135.0,PLN,,ST,BITUMEN,.,,,ACFB,,,,,,,SUBCR,,,,,,ACFB,N/A,,,,,NDT,,Kat Silopi,Sirnak,TURKEY,MIDEAST,MIDEAST,,CINER GRUBU,P,SVCS: PRIV PWR DEV/PROD,1026029,1071389,1230078,,0,400,BITUMEN+.,.,ST,Planned,,2020.0,,,35.0,34.0,,,,2055.0,2054.94921875,2055.94921875,35.0,.,187.7,10011.0009766,0.853095471859,1182599936.0,1008870.625
6385,GARALO IC 2,GARALO,MALI-FOLKECENTER (MFC),0.10000000149,OPR,2007.0,IC,BL,.,NONE,N/A,N/A,DEUTZ,,STAMFORD,,,,.,,,,N/A,N/A,N/A,N/A,,,,,N/A,,Garalo,Sikasso,MALI,AFRICA,AFRICA,,MALI-FOLKECENTER (MFC),P,SVCS: PRIV PWR DEV/PROD,1036540,1076100,1216093,,0,400,BL+.,.,IC,Operating,9.0,2007.0,9.0,,2.0,0.0,88.5,169.0,52.3668632507,2021.0,2007.0,2009.0,14.0,.,164.6,10212.0380859,0.763129293919,876000.0,668.501281738
6614,TEESSIDE LOW CARBON IGCC,TEESSIDE LOW CARBON,PROGRESSIVE ENERGY,450.0,PLN,,CC,CGAS,.,,,,,,,,,,.,,,,N/A,N/A,N/A,N/A,,,,,,,Wilton,Northumberland,ENGLAND & WALES,EUROPE,EU,,PROGRESSIVE ENERGY,P,SVCS: PRIV PWR DEV/PROD,1027779,1065223,1196311,,401,500,CGAS+.,.,CC,Planned,,2023.0,,,36.0,34.0,,,,2059.0,2057.88476562,2059.88476562,36.0,.,116.9,7861.12744141,0.417210459709,3942000128.0,1644643.625
6726,MARION IGCC,MARION IGCC,MADISON POWER CORP (WI),500.0,CAN,,CC,CKGAS,.,,,,,,,,,,.,,,,N/A,N/A,N/A,N/A,,,,,,,Marion,IL,USA,N AMERICA,RFC,,MADISON POWER CORP (WI),P,SVCS: PRIV PWR DEV/PROD,34343,59591,36489,,401,500,CKGAS+.,.,CC,Cancelled,,1988.0,,,16.0,19.0,,,,2004.0,2007.0,2004.0,16.0,.,116.9,7861.12744141,0.417210459709,4380000256.0,1827381.875
6740,HANCHENG BLACK CAT 1,HANCHENG BLACK CAT,HANCHENG BLACK CAT CARBON,50.0,OPR,,ST,COAL,.,,,,,,,,,,SUBCR,,,,,,,,,,,NEPCC4,,,Hancheng City,Shaanxi,CHINA,ASIA,ASIA,,HANCHENG BLACK CAT CARBON,A,COMM: MISC AUTOPROD,1036993,1077088,1217671,,0,400,COAL+.,.,ST,Operating,,2005.0,11.0,,4.0,2.0,1924.5,7012.0,27.4458065033,2018.0,2007.0,2009.0,13.0,COAL+.+SUBCR+0-400,215.3,9550.15917969,0.933491766453,438000000.0,408869.40625
23528,IQNESA PLANT IC 2,IQNESA PLANT,INDUSTRIAL QUIMICA DEL NALON,1.70000004768,OPR,,IC/H,COG,.,,N/A,N/A,JENBACH,JMS620GSSN,,,,,.,,,,N/A,N/A,N/A,N/A,N/A,N/A,,,N/A,,33900 Sama de Langreo,Asturias,SPAIN,EUROPE,EU,,INDUSTRIAL QUIMICA DEL NALON,A,MFG: METALS & MINING,1033038,1067794,1200373,,0,400,COG+.,.,IC,Operating,,2000.0,16.0,,6.0,5.0,1.5,23.0,6.52173900604,2016.0,2005.0,2006.0,16.0,.,103.2,10558.6542969,0.494702517986,14892000.0,7367.10986328
23614,POPLAR CREEK 2,POPLAR CREEK,TRANSALTA COGENERATION LP,32.5,RET,1967.0,ST/S,COKE,.,NONE,FW/CE,CYCLONE,GE,BP,GE,,,55.0,SUBCR,399.0,,,,,WLST,CHIYODA,,,,,,,Fort McMurray,AB,CANADA,N AMERICA,WECC,T9H 3E3,TRANSALTA CORP,P,ENERGY: OPER SVCS (UNREG),33838,33928,20938,,0,400,COKE+.,.,ST,Retired,,1967.0,,,33.0,36.0,,,,2000.0,2003.0,2000.0,33.0,.,226.7,10830.7099609,1.11471617222,284700000.0,317359.6875
23706,MMASHORO SUBSTATION GT 3,MMASHORO SUBSTATION,KALAHARI ENERGY,45.0,PLN,,GT,CSGAS,.,,N/A,N/A,GE,,,,,,.,,,,N/A,N/A,N/A,N/A,,,,,N/A,,Mmashoro,Central,BOTSWANA,AFRICA,AFRICA,,KALAHARI ENERGY,P,SVCS: PRIV PWR DEV/PROD,1038096,1079603,1222117,,0,400,CSGAS+.,.,GT,Planned,,2020.0,,,33.0,34.0,,,,2053.0,2054.36523438,2053.36523438,33.0,.,116.9,11302.0,0.599826514721,394200000.0,236451.609375
23794,SANTA BARBARA LEVANTE 1,SANTA BARBARA LEVANTE,ENEL SPA,300.0,CAN,,ST,CWM,.,GAS/OIL,,,,,,,,,.,,,,,,,,,,,,,,Arezzo (AR),.,ITALY,EUROPE,EU,,ENEL SPA,U,UTIL: GOVT,1002300,1016159,1145722,,0,400,CWM+.,.,ST,Cancelled,,1982.0,,,21.0,19.0,,,,2003.0,2001.0,2003.0,21.0,.,215.1,10707.8115234,1.04567563534,2628000000.0,2748035.5
23800,LUOJING WORKS CC 2,LUOJING WORKS,BAOSTEEL GROUP CORP,170.0,OPR,2010.0,CCSS,CXGAS,.,,HANGZHOU,HRSG,GE,9001E,GE,,,90.0,SUBCR,540.0,,,N/A,N/A,N/A,N/A,,,GE/CISD,,,,Luojing - Baoshan Dist,Shanghai,CHINA,ASIA,ASIA,,BAOSTEEL GROUP CORP,A,MFG: METALS & MINING,1007914,1064805,1216884,,0,400,CXGAS+.,.,CC,Operating,6.0,2010.0,6.0,,30.0,34.0,1.0,2.0,50.0,2040.0,2044.0,2040.0,30.0,.,158.9,7924.14013672,0.571652233601,1489200000.0,851304.5
23802,UPPSALA WWTP IC 1,UPPSALA WWTP,UPPSALA KOMMUN,0.620000004768,OPR,1993.0,IC/H,DGAS,.,NONE,N/A,N/A,JENBACH,JMS316GSBL,,,,,.,,,,N/A,N/A,N/A,N/A,,,,,N/A,,Uppsala,Uppsala,SWEDEN,EUROPE,EU,,UPPSALA KOMMUN,A,GOVT: REG,1029963,1034882,1155035,,0,400,DGAS+.,.,IC,Operating,23.0,1993.0,23.0,,21.0,14.0,596.0,839.0,71.0369491577,2023.0,2007.0,2014.0,30.0,.,0.0,10789.8144531,0.0,5431200.0,0.0
24835,ACRES DONEGAL IC 1,ACRES DONEGAL,ACRES IRELAND,9.0,PLN,,IC,DME,.,,N/A,N/A,,,,,,,.,,,,N/A,N/A,N/A,N/A,,,,,N/A,,.,County Donegal,IRELAND,EUROPE,EU,,ACRES IRELAND,P,SVCS: PRIV PWR DEV/PROD,1038144,1079766,1222364,,0,400,DME+.,.,IC,Planned,,2020.0,,,35.0,34.0,,,,2055.0,2054.66625977,2055.66625977,35.0,.,150.8,9728.53808594,0.666046857834,78840000.0,52511.1328125
24837,JUIZ DE FORA GT 1,JUIZ DE FORA,PETROBRAS,45.0,OPR,2001.0,GT,ETHANOL,.,GAS,N/A,N/A,GE,LM6000,GE,,,,.,,,,N/A,N/A,N/A,N/A,,,CAT-LEO,CAT-LEO,N/A,,Juiz de Fora,MG,BRAZIL,LATIN,S AMERICA,36770-901,PETROBRAS,A,FUELS: GAS AND OIL,1005171,1050808,1175040,,0,400,ETHANOL+.,.,GT,Operating,15.0,2001.0,15.0,,5.0,6.0,1.0,1.0,100.0,2026.0,2007.0,2006.0,25.0,.,150.8,14326.0205078,0.98080521822,394200000.0,386633.40625
24840,VERKH-TARSKOYE FIELD-2 IC 1,VERKH-TARSKOYE FIELD,NOVOSIBIRSKNEFTEGAZ,1.10000002384,OPR,2007.0,IC,FGAS,.,,N/A,N/A,WAUKESHA,VHP9500GSI,BAYLOR,,,,.,,,,N/A,N/A,N/A,N/A,,,ENRGOTEH,ENRGOTEH,N/A,,.,Novosibirsk Oblast,RUSSIA,CIS,CIS,,TNK-BP HOLDING,A,FUELS: GAS,1035566,1073646,1218476,,0,400,FGAS+.,.,IC,Operating,9.0,2007.0,9.0,,1.0,0.0,114.5,162.0,70.6790161133,2023.0,2007.0,2008.0,16.0,.,120.6,10212.0380859,0.559133589268,9636000.0,5387.81103516
25136,PAKA YTL-1 GT 2,PAKA YTL,YTL CORPORATION SDN BHD,137.0,OPR,1994.0,GT/C,GAS,.,NONE,N/A,N/A,SIEMENS,V94.2,SIEMENS,,,,.,,,,N/A,N/A,N/A,N/A,HYBRID,SIEMENS,SIEMENS,SYARIKAT,N/A,,Paka,Terengganu,MALAYSIA,ASIA,ASIA,,YTL CORPORATION SDN BHD,P,SVCS: PRIV PWR DEV/PROD,1007139,1033688,1138490,,0,400,GAS+.,.,GT,Operating,22.0,1994.0,22.0,,31.0,36.0,8557.5,12080.0,70.8402328491,2025.0,2030.0,2025.0,31.0,GAS+GT,130.4,14342.9254544,0.849124133587,1200120064.0,1019050.9375
61193,OLKARIA WELLHEAD OLK-03 NO 2,OLKARIA WELLHEAD,KENYA ELECTRICITY GEN CO LTD,3.20000004768,OPR,2014.0,ST,GEO,.,NONE,N/A,N/A,MAXWATT,,TDPS,,,,SUBCR,,,,N/A,N/A,N/A,N/A,N/A,N/A,GEG-AS,GEG-AS,MDT,,Naivasha,Rift Valley,KENYA,AFRICA,AFRICA,,KENYA ELECTRICITY GEN CO LTD,U,UTIL: GOVT,1018055,1084748,1262698,,0,400,GEO+.,.,ST,Operating,2.0,2014.0,2.0,,35.0,34.0,32.0,385.0,8.31168842316,2049.0,2048.0,2049.0,35.0,.,16.9,9718.07128906,0.0745628774166,28032000.0,2090.14648438
62196,LAPPEENRANNAN 1,LAPPEENRANNAN,FC POWER OY,3.79999995232,OPR,,ST,H2,.,,,,,,,,,61.0,SUBCR,515.0,,,N/A,N/A,N/A,N/A,,,,,,,Lappeenranta,South Karelia,FINLAND,EUROPE,EU,,LEPPAKOSKEN SAHKO/KEMIRA CHEM,P,SVCS: PRIV PWR DEV/PROD,1049635,1109175,1270938,,0,400,H2+.,.,ST,Operating,,1990.0,26.0,,20.0,17.0,1.0,1.0,100.0,2026.0,2007.0,2010.0,36.0,.,0.6,10621.8896484,0.00289340270683,33288000.0,96.3155899048
62230,DANZIGER STRASSE GT 2,DANZIGER STRASSE,EVO - ENERGIEVERSOR OBERHAUSEN,50.0,RET,1974.0,GT,HELIUM,.,,N/A,N/A,,,,,,,.,,,,N/A,N/A,N/A,N/A,N/A,N/A,,,N/A,1982.0,Oberhausen,NW,GERMANY,EUROPE,EU,,EVO - ENERGIEVERSOR OBERHAUSEN,U,UTIL: GOVT,1009584,1016400,1274360,8.0,0,400,HELIUM+.,.,GT,Retired,,1974.0,,8.0,8.0,32.0,,,,1982.0,2006.0,1982.0,8.0,.,158.9,13904.7519531,1.00309717655,438000000.0,439356.5625
62231,BRUNSBUTTEL SAVA 1,BRUNSBUTTEL SAVA,SAVA GMBH,4.30999994278,OPR,1995.0,ST/S,HZDWST,.,,NOELL,ROTARY,B+V,KER40/80,,,,39.0,SUBCR,320.0,,,,,,,,,,,,,Brunsbuttel,SH,GERMANY,EUROPE,EU,25541,SAVA GMBH,A,SVCS: MUNI WTE,1024527,1049415,1173232,,0,400,HZDWST+.,.,ST,Operating,21.0,1995.0,21.0,,17.0,14.0,1.0,1.0,100.0,2026.0,2009.0,2012.0,31.0,.,91.9,10500.5878906,0.438111841679,37755600.0,16541.1757812
62232,ST-CLAIR-DU-RHONE 1,ST-CLAIR-DU-RHONE,NOVARTIS AG,3.59999990463,OPR,1966.0,ST/S,INDWST,.,NONE,,,,,,,,35.0,SUBCR,400.0,,,,,,,,,,,,,St-Clair-du-Rhone,Isere,FRANCE,EUROPE,EU,,NOVARTIS AG,A,MFG: CHEMICALS,1008744,1027466,1149670,,0,400,INDWST+.,.,ST,Operating,50.0,1966.0,50.0,,27.0,34.0,4.0,4.0,100.0,2026.0,2000.0,1993.0,60.0,.,332.6,10866.5927734,1.6408598423,31536000.0,51746.15625
62238,SOUTH MEADOW GT 11,SOUTH MEADOW JET,CT RESOURCES RECOVERY AUTH,41.9000015259,OPR,1970.0,GT,JET,.,KERO,N/A,N/A,PW,FT4A9,EMC,,,,.,,,,N/A,N/A,N/A,N/A,,,,,N/A,,Hartford,CT,USA,N AMERICA,NPCC,6114,CT RESOURCES RECOVERY AUTH,P,GOVT: REG-STATE,55223,57987,19933,,0,400,JET+.,.,GT,Operating,46.0,1970.0,46.0,,41.0,37.0,6.5,14.0,46.4285697937,2020.0,2007.0,2011.0,50.0,.,166.3,14121.2675781,1.0661585331,367044000.0,391327.09375
62270,NARROWS BROOKLYN GT 2-2,NARROWS BROOKLYN,EASTERN GENERATION LLC,24.6000003815,OPR,1972.0,GT,KERO,.,GAS,N/A,N/A,GE,5001NPB,GE,,,,.,,,,N/A,N/A,N/A,N/A,,,,,N/A,,Brooklyn,NY,USA,N AMERICA,NPCC,11232,ARCLIGHT ENERGY PARTNERS,P,SVCS: PRIV PWR DEV/PROD,34332,17351,14489,,0,400,KERO+.,.,GT,Operating,44.0,1972.0,44.0,,29.0,32.0,79.5,143.0,55.5944061279,2021.0,2004.0,2001.0,49.0,.,167.2,13962.9667969,1.05991208553,215496000.0,228406.8125
62602,SENECA MEADOWS LF IC 29,SENECA MEADOWS LF,ARIA ENERGY,0.800000011921,OPR,2011.0,IC,LGAS,.,NONE,N/A,N/A,CAT,G3520,CAT,,,,.,,,,N/A,N/A,N/A,N/A,,,,,N/A,,Waterloo,NY,USA,N AMERICA,NPCC,13165,ARES MANAGEMENT LP,P,SVCS: PRIV PWR DEV/PROD,5484,23124,39786,,0,400,LGAS+.,.,IC,Operating,5.0,2011.0,5.0,,16.0,15.0,390.5,3239.0,12.0561904907,2027.0,2026.0,2027.0,16.0,.,114.7,10101.2021484,0.526008009911,7008000.0,3686.26416016
66421,CRESCENTINO ETHANOL 1,CRESCENTINO ETHANOL,CHEMTEX,15.0,OPR,2013.0,ST/S,LIGNIN,.,,,,FINCAN,,INDAR,10KV,,,SUBCR,,,,,,,,,,,,,,Crescentino (VC),.,ITALY,EUROPE,EU,,CHEMTEX,A,COMM: MISC AUTOPROD,1041094,1106837,1267198,,0,400,LIGNIN+.,.,ST,Operating,3.0,2013.0,3.0,,42.0,34.0,1.0,1.0,100.0,2055.0,2047.0,2055.0,42.0,.,206.7,9712.17773438,0.911408245564,131400000.0,119759.046875
66422,GIBSON ISLAND MILL 1,GIBSON ISLAND MILL,VISY INDUSTRIES HOLDINGS PTY,2.0,OPR,1997.0,ST/S,LIQ,.,,EPI/NEI,ACFB,,,,,13.8999996185,42.0,SUBCR,,,,,,ACFB,N/A,,,,,,,Gibson Island,QLD,AUSTRALIA,ANZ-OCEANIA,ANZAC,4172,VISY INDUSTRIES HOLDINGS PTY,A,MFG: PULP & PAPER,1024143,1060517,1189489,,0,400,LIQ+.,.,ST,Operating,19.0,1997.0,19.0,,8.0,10.0,66.5,230.0,28.9130439758,2018.0,2007.0,2005.0,21.0,.,221.6,10174.2275391,1.02359235287,17520000.0,17933.3378906
66713,YULARA IC 07,YULARA,TERRITORY GENERATION,1.10000002384,OPR,1989.0,IC,LNG,.,OIL,N/A,N/A,,,,,,,.,,,,N/A,N/A,N/A,N/A,,,,,N/A,,.,NT,AUSTRALIA,ANZ-OCEANIA,ANZAC,,TERRITORY GENERATION,U,UTIL: GOVT,1049420,1024458,1158782,,0,400,LNG+.,.,IC,Operating,27.0,1989.0,27.0,,16.0,17.0,68.5,75.0,91.3333358765,2025.0,2006.0,2005.0,36.0,.,0.0,10932.9863281,0.0,9636000.0,0.0
67596,TEMA UNILEVER GT 1,TEMA UNILEVER,UNILEVER GHANA LTD,5.19999980927,OPR,2012.0,GT,LPG,.,,N/A,N/A,ALLISON,KB7C,,,,,.,,,,N/A,N/A,N/A,N/A,,,GENSER,GENSER,N/A,,Tema,Greater Accra,GHANA,AFRICA,AFRICA,,UNILEVER PLC,A,MFG: EQUIPMENT,1043143,1092548,1244426,,0,400,LPG+.,.,GT,Operating,4.0,2012.0,4.0,,25.0,34.0,11.5,63.0,18.2539691925,2037.0,2046.0,2037.0,25.0,.,146.7,11796.4951172,0.785667836666,45552000.0,35788.7421875
67897,GREEN MEADOW FARMS-1 NO 1,GREEN MEADOW FARMS-1,GREEN MEADOW FARMS,0.219999998808,OPR,1984.0,ST,MANURE,.,NONE,,,,,,,,,SUBCR,,,,N/A,N/A,N/A,N/A,,,,,,,Elsie,MI,USA,N AMERICA,RFC,48831,GREEN MEADOW FARMS,P,COMM: AGRICULTURE,4065,21419,8183,,0,400,MANURE+.,.,ST,Operating,32.0,1984.0,32.0,,18.0,22.0,1.0,1.0,100.0,2026.0,2006.0,2002.0,42.0,.,91.9,10624.6308594,0.443287223577,1927200.0,854.303161621
67899,WIDNES PLANT 2,WIDNES PLANT,PDM GROUP LTD,3.0,OPR,2005.0,ST/S,MBM,.,,WYKES,ACFB,KKK,,AEM,,,,SUBCR,,,,,,ACFB,N/A,,,WYKES,WYKES,,,Widnes,Cheshire,ENGLAND & WALES,EUROPE,EU,WA8 0PB,SARIA,P,MFG: FOOD PRODUCTS,1032603,1066954,1199417,,0,400,MBM+.,.,ST,Operating,11.0,2005.0,11.0,,4.0,2.0,1.0,4.0,25.0,2018.0,2007.0,2009.0,13.0,.,91.9,9787.26464844,0.408350139856,26280000.0,10731.4414062
67904,BOURNEMOUTH HOSPITAL 1,BOURNEMOUTH HOSPITAL,ROYAL BOURNEMOUTH HOSPITAL,0.5,OPR,1995.0,ST,MEDWST,.,,,,PETER,,,,,26.0,SUBCR,270.0,,,,,,,,,WRE,WRE,,,Bournemouth,Dorset,ENGLAND & WALES,EUROPE,EU,,ROYAL BOURNEMOUTH HOSPITAL,A,COMM: HOSPITAL,1014540,1027589,1106791,,0,400,MEDWST+.,.,ST,Operating,21.0,1995.0,21.0,,13.0,14.0,1.0,1.0,100.0,2026.0,2009.0,2008.0,31.0,.,91.9,10500.5878906,0.438111841679,4380000.0,1918.92980957
67905,EILAT GT 3,EILAT,ISRAEL ELECTRIC CORP,50.0,OPR,1980.0,GT,METHANOL,.,,N/A,N/A,,,,,,,.,,,,N/A,N/A,N/A,N/A,,,,,N/A,,Eliat,HaDarom,ISRAEL,MIDEAST,MIDEAST,,ISRAEL ELECTRIC CORP,U,UTIL: GOVT,1003567,1019852,1171777,,0,400,METHANOL+.,.,GT,Operating,36.0,1980.0,36.0,,17.0,26.0,1.0,1.0,100.0,2026.0,2006.0,1997.0,46.0,.,158.9,13924.2939453,1.00450694561,438000000.0,439974.03125
67906,FURONG CMG IC 1,FURONG CMG,SICHUAN COAL CO,3.04800009727,OPR,2009.0,IC/H,MGAS,.,NONE,N/A,N/A,JENBACH,,,,,,.,,,,N/A,N/A,N/A,N/A,,,,,N/A,,Gongxian County,Sichuan,CHINA,ASIA,ASIA,,SICHUAN COAL CO,P,FUELS: COAL,1036679,1076487,1216697,,0,400,MGAS+.,.,IC,Operating,7.0,2009.0,7.0,,37.0,34.0,37.5,336.0,11.1607141495,2046.0,2043.0,2046.0,37.0,.,118.8,10140.9013672,0.546951532364,26700480.0,14603.8681641
68315,ISTANBUL BESLER GT 2,ISTANBUL BESLER,BESLER GIDA,5.0,OPR,2000.0,GT/S,NAP,.,LPG,N/A,N/A,SOLAR/TT,TAURUS 60,,,,,.,,,,N/A,N/A,N/A,N/A,,,TUMA,TUMA,N/A,,Pendik,Istanbul,TURKEY,MIDEAST,MIDEAST,,BESLER GIDA,A,MFG: FOOD PRODUCTS,1022985,1046090,1168587,,0,400,NAP+.,.,GT,Operating,16.0,2000.0,16.0,,3.0,5.0,20.0,79.0,25.3164558411,2018.0,2005.0,2003.0,18.0,.,170.4,14112.3154297,1.09175133705,43800000.0,47818.7070312
68423,GREEN DUBA ISCC GT 1,GREEN DUBA,SAUDI ELECTRICITY CO,225.0,CON,2017.0,GT/C,NGL,.,,N/A,N/A,GE,7F.05,GE,,,,.,,,,N/A,N/A,N/A,N/A,,,INITEC,SSEM,N/A,,Duba,Tabuk,SAUDI ARABIA,MIDEAST,MIDEAST,,SAUDI ELECTRICITY CO,U,UTIL: GOVT,1002841,1106169,1257397,,0,400,NGL+.,.,GT,Under Construction,,2017.0,,,45.0,34.0,,,,2062.0,2051.0,2062.0,45.0,.,149.3,13434.71875,0.910634815693,1971000064.0,1794861.25
68424,JAZAN IGCC-3 GT 1,JAZAN IGCC,SAUDI ARAMCO,250.0,CON,2018.0,GT/CP,OGAS,.,,N/A,N/A,SIEMENS,SGT6-5000F,SIEMENS,,,,.,,,,N/A,N/A,N/A,N/A,,,SEPCO,SEPCO,N/A,,Jazan City,Jizan,SAUDI ARABIA,MIDEAST,MIDEAST,,SAUDI ARAMCO,A,FUELS: REFINERY,1000314,1094787,1254445,,0,400,OGAS+.,.,GT,Under Construction,,2018.0,,,34.0,34.0,,,,2052.0,2052.0,2052.0,34.0,.,172.3,13434.71875,1.05092012882,2190000128.0,2301515.25
68452,TEGUL-I IC 4,TEGUL,PT KERTAS BEKASI TEGUH,0.879999995232,OPR,1976.0,IC,OIL,.,NONE,N/A,N/A,MAK,6M282AK,KAICK,,,,.,,,,N/A,N/A,N/A,N/A,,,,,N/A,,Bekasi,West Java,INDONESIA,ASIA,ASIA,,PT KERTAS BEKASI TEGUH,A,MFG: PULP & PAPER,1014083,1025976,1152024,,0,400,OIL+.,.,IC,Operating,40.0,1976.0,40.0,,37.0,28.0,23922.5,27263.0,87.7471313477,2024.0,2004.0,2013.0,48.0,OIL+IC,180.0,10349.8068088,0.845786213875,7708800.0,6519.99658203
111395,MIAOLI HOLUNG 2,MIAOLI HOLUNG,HUALON GROUP,600.0,CAN,,ST,ORI,.,,,,,,,,,,.,,,,,,,,,,,,,,Holung,Miaoli County,TAIWAN,ASIA,ASIA,,HUALON GROUP,P,SVCS: PRIV PWR DEV/PROD,1004289,1022558,1132642,,501,700,ORI+.,.,ST,Cancelled,,2004.0,,,4.0,3.0,,,,2008.0,2007.0,2008.0,4.0,.,179.1,9153.44042969,0.744279026985,5256000000.0,3911930.5
111406,TOPPILA 1,TOPPILA,OULUN ENERGIA OY,77.0,OPR,1977.0,ST/S,PEAT,.,OIL,TAMPELLA,ACFB,ZAMECH,BP,GANZ,,83.0,111.0,SUBCR,535.0,,,ESP,,ACFB,N/A,,,,,,,Oulu,North Ostrobothnia,FINLAND,EUROPE,EU,,OULUN ENERGIA OY,U,UTIL: GOVT,1005038,1025082,1153365,,0,400,PEAT+.,.,ST,Operating,39.0,1977.0,39.0,,25.0,30.0,38.5,44.0,87.5,2024.0,2007.0,2002.0,47.0,.,246.5,11199.3164062,1.25332665443,674520000.0,845393.875
111485,SAILLAT MILL IP CHP 1,SAILLAT MILL IP CHP,COFELY,12.0,OPR,2007.0,ST/S,PWST,.,WOOD,,,,,,,,,SUBCR,,,,,,,,,,ELYO,ELYO,,,Saillat-sur-Vienne,Haute-Vienne,FRANCE,EUROPE,EU,,ENGIE,U,ENERGY: ESCO,1018538,1062590,1192458,,0,400,PWST+.,.,ST,Operating,9.0,2007.0,9.0,,1.0,0.0,2.5,15.0,16.6666660309,2017.0,2007.0,2008.0,10.0,.,206.7,9783.63964844,0.918114364147,105120000.0,96512.1796875
111501,SARAN VEOLIA WTE 1,SARAN VEOLIA,VEOLIA PROPRETE,6.76999998093,OPR,1995.0,ST/S,REF,.,NONE,VOL/LL,,THERMDYN,,,,9.39999961853,40.0,SUBCR,355.0,,,,,,,,,ITISA,ITISA,,,Saran,Loiret,FRANCE,EUROPE,EU,45770,VEOLIA ENVIRONNEMENT SA,P,SVCS: MUNI WTE,1025553,1061192,1190481,,0,400,REF+.,.,ST,Operating,21.0,1995.0,21.0,,11.0,14.0,591.0,878.0,67.3120727539,2022.0,2009.0,2006.0,27.0,.,213.2,10500.5878906,1.01638126373,59305200.0,60276.6953125
112700,KIRK SANDAL,KIRK SANDAL,BIOGEN POWER,12.0,PLN,,ST/S,REFGAS,.,NONE,,,,,,,,,SUBCR,,,,,,,,,,,,,,East Doncaster,Yorkshire,ENGLAND & WALES,EUROPE,EU,,BIOGEN POWER,P,SVCS: PRIV PWR DEV/PROD,1037646,1078605,1220376,,0,400,REFGAS+.,.,ST,Planned,,2023.0,,,32.0,34.0,,,,2055.0,2057.2734375,2055.2734375,32.0,.,5.1,9468.3984375,0.0219231303781,105120000.0,2304.55957031
112836,EWA BEACH GT 3,EWA BEACH,CHEVRON PRODUCTS CO INC,3.03299999237,OPR,1990.0,GT/S,RGAS,.,LPG,N/A,N/A,SOLAR,CENTAUR,,,,,.,,,,N/A,N/A,N/A,N/A,,,,BECHTEL,N/A,,Honolulu,HI,USA,N AMERICA,ZNONE,,CHEVRON CORP,A,FUELS: REFINERY,57678,16201,6454,,0,400,RGAS+.,.,GT,Operating,26.0,1990.0,26.0,,14.0,17.0,61.0,94.0,64.8936157227,2022.0,2007.0,2004.0,32.0,.,158.9,14230.2373047,1.02657783031,26569080.0,27275.2285156
112995,CHEMIEPARK BITTERFELD 1,CHEMIEPARK BITTERFELD,PD ENERGY GMBH,8.0,OPR,2010.0,ST/S,RPF,.,NONE,BAUM,,MAN,MARC4-C11,,,17.8999996185,41.0,SUBCR,395.0,,,,,,,,,,,AIR,,Bitterfeld,ST,GERMANY,EUROPE,EU,,PD ENERGY GMBH,A,SVCS: PRIV PWR DEV/PROD,1033243,1068238,1201117,,0,400,RPF+.,.,ST,Operating,6.0,2010.0,6.0,,45.0,34.0,1.0,2.0,50.0,2055.0,2044.0,2055.0,45.0,.,206.7,9763.37792969,0.916212975979,70080000.0,64208.2070312
112998,EESTI 08,EESTI,EESTI ENERGIA SA,210.0,RET,1973.0,ST,SHALE,.,NONE,TAGANROG,,LMZ,,ELSL,,,,SUBCR,,,,,,,,,,SILTUM,,OTS,,21004 Narva,Ida-Viru,ESTONIA,EUROPE,EU,,EESTI ENERGIA SA,U,UTIL: GOVT,1005764,1014066,1113318,,0,400,SHALE+.,.,ST,Retired,,1973.0,,,30.0,33.0,,,,2003.0,2006.0,2003.0,30.0,.,248.8,10748.2539062,1.21407115459,1839600000.0,2233405.25
113055,VEULES-LES-ROSES PV,VEULES-LES-ROSES,LEONIDAS ASSOCIATES GMBH,5.03000020981,OPR,2011.0,PV,SUN,.,NONE,N/A,N/A,,,,,,,.,,,,N/A,N/A,N/A,N/A,N/A,N/A,GEP,MARTIFER,N/A,,Veules-les-Roses,Seine-Maritime,FRANCE,EUROPE,EU,,LEONIDAS ASSOCIATES GMBH,P,SVCS: FIN,1041966,1089585,1239535,,0,400,SUN+.,.,OTHER_NO_COMBUSTION,Operating,5.0,2011.0,5.0,,42.0,34.0,4969.0,10316.0,48.1678962708,2053.0,2045.0,2053.0,42.0,.,0.0,0.0,0.0,44062800.0,0.0
125816,DUNKERQUE REFINERY 3,DUNKERQUE REFINERY,BP PLC,5.5,OPR,1951.0,ST,TGAS,.,RGAS,,,,BP,,,,60.0,SUBCR,450.0,,,,,,,,,,,,,Dunkerque Cedex l,Nord,FRANCE,EUROPE,EU,59381,BP PLC,A,FUELS: REFINERY,1021190,1011252,1112993,,0,400,TGAS+.,.,ST,Operating,65.0,1951.0,65.0,,40.0,44.0,5.5,6.0,91.6666641235,2025.0,1995.0,1991.0,74.0,.,158.9,14552.9238281,1.04985666275,48180000.0,50582.09375
125830,KEYES,KEYES,VISTA ENERGY TECHNOLOGIES INC,15.0,CAN,,ST,TIRES,.,,,,,,,,,,SUBCR,,,,,,,,,,,,,,Keyes,OK,USA,N AMERICA,SPP,,VISTA ENERGY INTERNATIONAL INC,P,MFG: EQUIPMENT,32120,50828,29951,,0,400,TIRES+.,.,ST,Cancelled,,1988.0,,,13.0,19.0,,,,2001.0,2007.0,2001.0,13.0,.,189.5,10398.2402344,0.894591808319,131400000.0,117549.367188
125851,ATHABASCA 1,ATHABASCA,ALBERTA-PACIFIC FOREST IND,35.0,CAN,,ST,TSAND,.,,MHI,,GE,,GE,,,,.,,,,,,,,,,SIMONS,,,,Athabasca,AB,CANADA,N AMERICA,WECC,,HOKUETSU KISHU PAPER CO LTD,A,MFG: PULP & PAPER,165,12732,838,,0,400,TSAND+.,.,ST,Cancelled,,1976.0,,,33.0,31.0,,,,2009.0,2007.0,2009.0,33.0,.,248.8,10989.9238281,1.24136900902,306600000.0,380603.75
125853,MOORSIDE 3,MOORSIDE,NUGENERATION LTD,1130.0,PLN,,ST,UR,.,NONE,TOSHIBA,AP1000,,,,,,,SUBCR,,,,N/A,N/A,N/A,N/A,N/A,N/A,,,,,Sellafield,Cumbria,ENGLAND & WALES,EUROPE,EU,,TOSHIBA/GDF SUEZ,U,UTIL: IOU,1040041,1084673,1230467,,901,10000,UR+.,.,ST,Planned,,2021.0,,,22.0,27.0,,,,2043.0,2048.10375977,2043.10375977,22.0,.,0.0,9119.55566406,0.0,9898800128.0,0.0
127008,OAKVILLE ASSEMBLY FC 1,OAKVILLE ASSEMBLY,FORD MOTOR CO,0.300000011921,OPR,2008.0,FC,VOCGAS,.,,N/A,N/A,FCEL,DFC300MA,,,,,.,,,,N/A,N/A,N/A,N/A,N/A,N/A,,,N/A,,Oakville,ON,CANADA,N AMERICA,NPCC,,FORD MOTOR CO,A,MFG: UNSPEC,3605,57808,34547,,0,400,VOCGAS+.,.,OTHER_COMBUSTION,Operating,8.0,2008.0,8.0,,28.0,34.0,1.0,1.0,100.0,2036.0,2042.0,2036.0,28.0,.,158.9,,,2628000.0,
127009,WALKER MILL 1RP,WALKER MILL,ASILEA ENTERPRISE CORP,0.75,PLN,2017.0,HY,WAT,.,,,,,,,,,,.,,,,,,,,,,,,,,Schuyler,VA,USA,N AMERICA,SERC,,ASILEA ENTERPRISE CORP,P,SVCS: PRIV PWR DEV/PROD,58086,56196,44393,,0,400,WAT+.,.,OTHER_NO_COMBUSTION,Planned,,2020.0,,,57.0,63.5,,,,2077.0,2084.17626953,2077.67626953,57.0,.,0.0,0.0,0.0,6570000.0,0.0
187005,LA MAGDALENA WTG 1-28,LA MAGDALENA,IBERDROLA RENOVABLES,23.7999992371,OPR,2004.0,WTG,WIND,HAWT,NONE,N/A,N/A,GAMESA,G52/850,,,,,.,,,,N/A,N/A,N/A,N/A,N/A,N/A,,,N/A,,Merindad de Valdeporres,Burgos,SPAIN,EUROPE,EU,,IBERDROLA SA,P,SVCS: PRIV PWR DEV/PROD,1024100,1062614,1192492,,0,400,WIND+HAWT,HAWT,OTHER_NO_COMBUSTION,Operating,12.0,2004.0,12.0,,14.0,13.0,8390.0,15278.0,54.9155654907,2018.0,2017.0,2018.0,14.0,.,0.0,0.0,0.0,208488000.0,0.0
206127,CABANO MILL,CABANO MILL,BORALEX INC,22.0,CAN,,ST/S,WOOD,.,,,,,,,,,,SUBCR,,,,,,,,,,,,,,Cabano,QC,CANADA,N AMERICA,NPCC,,CASCADES INC,P,MFG: PULP & PAPER,26760,45736,24727,,0,400,WOOD+.,.,ST,Cancelled,,2013.0,,,34.0,32.5,,,,2047.0,2045.5,2047.0,34.0,.,68.5,9712.17773438,0.302039027214,192720000.0,58208.9609375
207766,BLACKBURN LANDFILL IC 4,BLACKBURN LANDFILL,CATAWBA COUNTY UTILS & ENGRG,1.0,PLN,,IC,WOODGAS,.,,N/A,N/A,JENBACH,JGC320GSLL,,,,,.,,,,N/A,N/A,N/A,N/A,,,,,N/A,,Newton,NC,USA,N AMERICA,SERC,28658,CATAWBA COUNTY UTILS & ENGRG,A,GOVT: REG-MUNI,1540,15719,38439,,0,400,WOODGAS+.,.,IC,Planned,,2022.0,,,40.0,34.0,,,,2062.0,2056.17578125,2062.17578125,40.0,.,91.9,9556.88867188,0.398738235235,8760000.0,3492.94702148
207913,NORANDA SMELTER 1,NORANDA SMELTER,FALCONBRIDGE LTD,2.59999990463,OPR,1934.0,ST/S,WSTGAS,.,NONE,INGLIS,,PARSONS,,PARSONS,,44.0,11.0,SUBCR,274.0,,,,,,,,,,,,,Noranda,QC,CANADA,N AMERICA,NPCC,J9X 5B6,XSTRATA PLC,A,MFG: METALS & MINING,7027,28002,14876,,0,400,WSTGAS+.,.,ST,Operating,82.0,1934.0,82.0,,27.0,34.0,33.0,34.0,97.0588226318,2025.0,1968.0,1961.0,91.0,.,138.2,11095.6044922,0.696169316769,22776000.0,15855.9521484
208014,QISHUYAN HAO-2B SC 1,QISHUYAN HAO,CHINA HUADIAN GROUP CORP,60.0,OPR,2011.0,ST/C,WSTH,.,,HANGZHOU,HRSG,DONGFANG,D78B,DONGFANG,,58.2999992371,40.0,SUBCR,515.0,,,N/A,N/A,N/A,N/A,,,,,,,Qishuyan Dist - Changzhou City,Jiangsu,CHINA,ASIA,ASIA,,CHINA HUADIAN GROUP CORP,U,UTIL: GOVT,1027973,1075101,1239591,,0,400,WSTH+.,.,ST,Operating,5.0,2011.0,5.0,,22.0,18.0,490.0,2737.0,17.9028129578,2033.0,2029.0,2033.0,22.0,.,0.0,9771.33300781,0.0,525600000.0,0.0
211926,NORTHERN WWTP,NORTHERN WWTP,SUE VODOKANAL OF ST PETERSBURG,3.0,CAN,,ST,WSTWSL,.,,,ACFB,,,,,,,SUBCR,,,,,,ACFB,N/A,,,MOTT,,,,St Petersburg,Leningrad Oblast,RUSSIA,CIS,CIS,,SUE VODOKANAL OF ST PETERSBURG,A,UTIL OTHER: WATER,1030259,1061508,1190910,,0,400,WSTWSL+.,.,ST,Cancelled,,1968.0,,,32.0,37.0,,,,2000.0,2005.0,2000.0,32.0,.,91.9,10716.6464844,0.447126358747,26280000.0,11750.4804688
